entity,code,year,total_demand__twh
ASEAN (Ember),,2000,378.76
ASEAN (Ember),,2001,405.09
ASEAN (Ember),,2002,433.19
ASEAN (Ember),,2003,458.3
ASEAN (Ember),,2004,496.61
ASEAN (Ember),,2005,522.68
ASEAN (Ember),,2006,547.17
ASEAN (Ember),,2007,578.98
ASEAN (Ember),,2008,603.96
ASEAN (Ember),,2009,624.57
ASEAN (Ember),,2010,686.86
ASEAN (Ember),,2011,717.07
ASEAN (Ember),,2012,776.57
ASEAN (Ember),,2013,816.74
ASEAN (Ember),,2014,863.97
ASEAN (Ember),,2015,907.23
ASEAN (Ember),,2016,969.34
ASEAN (Ember),,2017,1007.89
ASEAN (Ember),,2018,1071.01
ASEAN (Ember),,2019,1122.19
ASEAN (Ember),,2020,1113.63
ASEAN (Ember),,2021,1156.89
ASEAN (Ember),,2022,1221.62
ASEAN (Ember),,2023,1272.63
ASEAN (Ember),,2024,1352.11
ASEAN (Ember),,2025,1369.85
Afghanistan,AFG,2000,0.57
Afghanistan,AFG,2001,0.78
Afghanistan,AFG,2002,0.81
Afghanistan,AFG,2003,1.01
Afghanistan,AFG,2004,0.89
Afghanistan,AFG,2005,0.92
Afghanistan,AFG,2006,1.33
Afghanistan,AFG,2007,1.62
Afghanistan,AFG,2008,1.53
Afghanistan,AFG,2009,2.04
Afghanistan,AFG,2010,2.75
Afghanistan,AFG,2011,3.5
Afghanistan,AFG,2012,3.95
Afghanistan,AFG,2013,4.73
Afghanistan,AFG,2014,4.87
Afghanistan,AFG,2015,4.96
Afghanistan,AFG,2016,5.54
Afghanistan,AFG,2017,5.87
Afghanistan,AFG,2018,6.16
Afghanistan,AFG,2019,6.37
Afghanistan,AFG,2020,6.33
Afghanistan,AFG,2021,6.76
Afghanistan,AFG,2022,6.84
Afghanistan,AFG,2023,7.19
Afghanistan,AFG,2024,6.82
Africa,OWID_AFR,2000,454.14
Africa,OWID_AFR,2001,462.6
Africa,OWID_AFR,2002,489.34
Africa,OWID_AFR,2003,510.49
Africa,OWID_AFR,2004,541.5
Africa,OWID_AFR,2005,562.31
Africa,OWID_AFR,2006,590.37
Africa,OWID_AFR,2007,614.6
Africa,OWID_AFR,2008,626.12
Africa,OWID_AFR,2009,629.81
Africa,OWID_AFR,2010,676.41
Africa,OWID_AFR,2011,694.88
Africa,OWID_AFR,2012,733.6
Africa,OWID_AFR,2013,750.3
Africa,OWID_AFR,2014,778
Africa,OWID_AFR,2015,797.82
Africa,OWID_AFR,2016,812.48
Africa,OWID_AFR,2017,830.86
Africa,OWID_AFR,2018,859.47003
Africa,OWID_AFR,2019,874.14
Africa,OWID_AFR,2020,859.93
Africa,OWID_AFR,2021,904.65
Africa,OWID_AFR,2022,925.83
Africa,OWID_AFR,2023,933.8
Africa,OWID_AFR,2024,965.72003
Africa (Ember),,2000,441.07
Africa (Ember),,2001,459.45
Africa (Ember),,2002,487.7
Africa (Ember),,2003,509.15
Africa (Ember),,2004,540.14
Africa (Ember),,2005,560.75
Africa (Ember),,2006,586.8
Africa (Ember),,2007,610.23
Africa (Ember),,2008,621.69
Africa (Ember),,2009,624.58
Africa (Ember),,2010,672.5
Africa (Ember),,2011,688.77
Africa (Ember),,2012,725.54
Africa (Ember),,2013,741
Africa (Ember),,2014,768.15
Africa (Ember),,2015,790.12
Africa (Ember),,2016,805.89
Africa (Ember),,2017,825.71
Africa (Ember),,2018,855.84
Africa (Ember),,2019,876.05
Africa (Ember),,2020,861.18
Africa (Ember),,2021,905.85
Africa (Ember),,2022,923.26
Africa (Ember),,2023,930.98
Africa (Ember),,2024,965.35
Africa (Ember),,2025,998.12
Albania,ALB,2000,5.73
Albania,ALB,2001,5.44
Albania,ALB,2002,5.82
Albania,ALB,2003,6.15
Albania,ALB,2004,6.03
Albania,ALB,2005,5.76
Albania,ALB,2006,5.65
Albania,ALB,2007,5.66
Albania,ALB,2008,6.19
Albania,ALB,2009,6.6
Albania,ALB,2010,6.62
Albania,ALB,2011,7.45
Albania,ALB,2012,7.26
Albania,ALB,2013,9.28
Albania,ALB,2014,7.79
Albania,ALB,2015,7.29
Albania,ALB,2016,7.74
Albania,ALB,2017,7.44
Albania,ALB,2018,7.64
Albania,ALB,2019,7.61
Albania,ALB,2020,7.59
Albania,ALB,2021,8.39
Albania,ALB,2022,7.89
Albania,ALB,2023,8.09
Albania,ALB,2024,8.67
Algeria,DZA,2000,25.33
Algeria,DZA,2001,26.57
Algeria,DZA,2002,27.63
Algeria,DZA,2003,29.58
Algeria,DZA,2004,31.26
Algeria,DZA,2005,33.99
Algeria,DZA,2006,35.31
Algeria,DZA,2007,37.2
Algeria,DZA,2008,40.18
Algeria,DZA,2009,38.47
Algeria,DZA,2010,45.66
Algeria,DZA,2011,51.08
Algeria,DZA,2012,57.35
Algeria,DZA,2013,59.8
Algeria,DZA,2014,64.08
Algeria,DZA,2015,68.81
Algeria,DZA,2016,70.79
Algeria,DZA,2017,75.73
Algeria,DZA,2018,76.66
Algeria,DZA,2019,81.47
Algeria,DZA,2020,79.31
Algeria,DZA,2021,84.45
Algeria,DZA,2022,88.9
Algeria,DZA,2023,93.44
Algeria,DZA,2024,93.84
American Samoa,ASM,2000,0.17
American Samoa,ASM,2001,0.17
American Samoa,ASM,2002,0.18
American Samoa,ASM,2003,0.19
American Samoa,ASM,2004,0.19
American Samoa,ASM,2005,0.19
American Samoa,ASM,2006,0.19
American Samoa,ASM,2007,0.19
American Samoa,ASM,2008,0.19
American Samoa,ASM,2009,0.18
American Samoa,ASM,2010,0.16
American Samoa,ASM,2011,0.16
American Samoa,ASM,2012,0.16
American Samoa,ASM,2013,0.15
American Samoa,ASM,2014,0.15
American Samoa,ASM,2015,0.16
American Samoa,ASM,2016,0.17
American Samoa,ASM,2017,0.16
American Samoa,ASM,2018,0.16
American Samoa,ASM,2019,0.16
American Samoa,ASM,2020,0.17
American Samoa,ASM,2021,0.17
American Samoa,ASM,2022,0.18
American Samoa,ASM,2023,0.17
American Samoa,ASM,2024,0.18
Angola,AGO,2000,1.44
Angola,AGO,2001,1.64
Angola,AGO,2002,1.76
Angola,AGO,2003,1.99
Angola,AGO,2004,2.24
Angola,AGO,2005,2.63
Angola,AGO,2006,2.98
Angola,AGO,2007,3.24
Angola,AGO,2008,4.05
Angola,AGO,2009,4.91
Angola,AGO,2010,5.46
Angola,AGO,2011,5.66
Angola,AGO,2012,7.72
Angola,AGO,2013,8.15
Angola,AGO,2014,9.56
Angola,AGO,2015,9.78
Angola,AGO,2016,10.98
Angola,AGO,2017,10.81
Angola,AGO,2018,13.14
Angola,AGO,2019,15.82
Angola,AGO,2020,16.81
Angola,AGO,2021,16.85
Angola,AGO,2022,17.31
Angola,AGO,2023,15.75
Angola,AGO,2024,15.59
Antigua and Barbuda,ATG,2000,0.15
Antigua and Barbuda,ATG,2001,0.17
Antigua and Barbuda,ATG,2002,0.19
Antigua and Barbuda,ATG,2003,0.21
Antigua and Barbuda,ATG,2004,0.22
Antigua and Barbuda,ATG,2005,0.24
Antigua and Barbuda,ATG,2006,0.26
Antigua and Barbuda,ATG,2007,0.29
Antigua and Barbuda,ATG,2008,0.3
Antigua and Barbuda,ATG,2009,0.33
Antigua and Barbuda,ATG,2010,0.33
Antigua and Barbuda,ATG,2011,0.33
Antigua and Barbuda,ATG,2012,0.33
Antigua and Barbuda,ATG,2013,0.33
Antigua and Barbuda,ATG,2014,0.34
Antigua and Barbuda,ATG,2015,0.35
Antigua and Barbuda,ATG,2016,0.34
Antigua and Barbuda,ATG,2017,0.35
Antigua and Barbuda,ATG,2018,0.36
Antigua and Barbuda,ATG,2019,0.36
Antigua and Barbuda,ATG,2020,0.35
Antigua and Barbuda,ATG,2021,0.35
Antigua and Barbuda,ATG,2022,0.36
Antigua and Barbuda,ATG,2023,0.36
Antigua and Barbuda,ATG,2024,0.37
Argentina,ARG,2000,90.2
Argentina,ARG,2001,91.89
Argentina,ARG,2002,90.51
Argentina,ARG,2003,97.1
Argentina,ARG,2004,103.73
Argentina,ARG,2005,109.63
Argentina,ARG,2006,115.79
Argentina,ARG,2007,121.12
Argentina,ARG,2008,127.39
Argentina,ARG,2009,128.48
Argentina,ARG,2010,134.6
Argentina,ARG,2011,139.16
Argentina,ARG,2012,143.63
Argentina,ARG,2013,147.51
Argentina,ARG,2014,148.4
Argentina,ARG,2015,154.38
Argentina,ARG,2016,156.7
Argentina,ARG,2017,156.07
Argentina,ARG,2018,156.34
Argentina,ARG,2019,150.22
Argentina,ARG,2020,149.35
Argentina,ARG,2021,155.65
Argentina,ARG,2022,158.49
Argentina,ARG,2023,163.9
Argentina,ARG,2024,161.68
Argentina,ARG,2025,162.45
Armenia,ARM,2000,5.32
Armenia,ARM,2001,5.37
Armenia,ARM,2002,4.96
Armenia,ARM,2003,5.02
Armenia,ARM,2004,5.04
Armenia,ARM,2005,5.3
Armenia,ARM,2006,5.4
Armenia,ARM,2007,5.77
Armenia,ARM,2008,5.88
Armenia,ARM,2009,5.4
Armenia,ARM,2010,5.49
Armenia,ARM,2011,5.88
Armenia,ARM,2012,6.22
Armenia,ARM,2013,6.33
Armenia,ARM,2014,6.42
Armenia,ARM,2015,6.3
Armenia,ARM,2016,6.15
Armenia,ARM,2017,6.41
Armenia,ARM,2018,6.17
Armenia,ARM,2019,6.53
Armenia,ARM,2020,6.63
Armenia,ARM,2021,7.09
Armenia,ARM,2022,8.43
Armenia,ARM,2023,7.51
Armenia,ARM,2024,7.64
Armenia,ARM,2025,8.14
Aruba,ABW,2000,0.78
Aruba,ABW,2001,0.81
Aruba,ABW,2002,0.82
Aruba,ABW,2003,0.84
Aruba,ABW,2004,0.87
Aruba,ABW,2005,0.91
Aruba,ABW,2006,0.91
Aruba,ABW,2007,0.94
Aruba,ABW,2008,0.91
Aruba,ABW,2009,0.95
Aruba,ABW,2010,0.94
Aruba,ABW,2011,0.93
Aruba,ABW,2012,0.92
Aruba,ABW,2013,0.94
Aruba,ABW,2014,0.94
Aruba,ABW,2015,0.97
Aruba,ABW,2016,0.94
Aruba,ABW,2017,0.97
Aruba,ABW,2018,0.97
Aruba,ABW,2019,0.99
Aruba,ABW,2020,0.99
Aruba,ABW,2021,1
Aruba,ABW,2022,1
Aruba,ABW,2023,1
Aruba,ABW,2024,1
Asia,OWID_ASI,2000,4815.04
Asia,OWID_ASI,2001,5025.85
Asia,OWID_ASI,2002,5352.4297
Asia,OWID_ASI,2003,5740.09
Asia,OWID_ASI,2004,6247.69
Asia,OWID_ASI,2005,6719.17
Asia,OWID_ASI,2006,7258.69
Asia,OWID_ASI,2007,7866.73
Asia,OWID_ASI,2008,8191.9
Asia,OWID_ASI,2009,8453.14
Asia,OWID_ASI,2010,9284.27
Asia,OWID_ASI,2011,9946.96
Asia,OWID_ASI,2012,10425.14
Asia,OWID_ASI,2013,11008.45
Asia,OWID_ASI,2014,11619
Asia,OWID_ASI,2015,11779.67
Asia,OWID_ASI,2016,12368.51
Asia,OWID_ASI,2017,13098.561
Asia,OWID_ASI,2018,13887.17
Asia,OWID_ASI,2019,14321.1
Asia,OWID_ASI,2020,14554.989
Asia,OWID_ASI,2021,15674.26
Asia,OWID_ASI,2022,16268.56
Asia,OWID_ASI,2023,17077.44
Asia,OWID_ASI,2024,18035.56
Asia (Ember),,2000,4199.28
Asia (Ember),,2001,4386.02
Asia (Ember),,2002,4674.17
Asia (Ember),,2003,5022.33
Asia (Ember),,2004,5490.54
Asia (Ember),,2005,5897.07
Asia (Ember),,2006,6377.58
Asia (Ember),,2007,6927.25
Asia (Ember),,2008,7216.33
Asia (Ember),,2009,7440.91
Asia (Ember),,2010,8168.12
Asia (Ember),,2011,8789.72
Asia (Ember),,2012,9210.1
Asia (Ember),,2013,9753.86
Asia (Ember),,2014,10280.3
Asia (Ember),,2015,10374.5
Asia (Ember),,2016,10924.76
Asia (Ember),,2017,11563.56
Asia (Ember),,2018,12342.44
Asia (Ember),,2019,12731.17
Asia (Ember),,2020,12938.56
Asia (Ember),,2021,13970.77
Asia (Ember),,2022,14524.92
Asia (Ember),,2023,15250.02
Asia (Ember),,2024,16119.51
Asia (Ember),,2025,16728.88
Australia,AUS,2000,216.83
Australia,AUS,2001,224.26
Australia,AUS,2002,223.49
Australia,AUS,2003,225.95
Australia,AUS,2004,229.23
Australia,AUS,2005,230.74
Australia,AUS,2006,237.99
Australia,AUS,2007,243.19
Australia,AUS,2008,245.38
Australia,AUS,2009,249.9
Australia,AUS,2010,250.97
Australia,AUS,2011,256.28
Australia,AUS,2012,250.66
Australia,AUS,2013,249.56
Australia,AUS,2014,247.65
Australia,AUS,2015,253.99
Australia,AUS,2016,258.23
Australia,AUS,2017,258.97
Australia,AUS,2018,262.63
Australia,AUS,2019,265.9
Australia,AUS,2020,265.15
Australia,AUS,2021,267.45
Australia,AUS,2022,272.92
Australia,AUS,2023,273.11
Australia,AUS,2024,281.64
Australia,AUS,2025,286.34
Austria,AUT,1990,48.81
Austria,AUT,1991,50.93
Austria,AUT,1992,50.44
Austria,AUT,1993,50.58
Austria,AUT,1994,51.13
Austria,AUT,1995,52.58
Austria,AUT,1996,54.4
Austria,AUT,1997,54.82
Austria,AUT,1998,55.66
Austria,AUT,1999,57.82
Austria,AUT,2000,58.27
Austria,AUT,2001,61.2
Austria,AUT,2002,61.33
Austria,AUT,2003,63.58
Austria,AUT,2004,64.93
Austria,AUT,2005,66.99
Austria,AUT,2006,68.55
Austria,AUT,2007,68.85
Austria,AUT,2008,69.24
Austria,AUT,2009,66.99
Austria,AUT,2010,70.26
Austria,AUT,2011,70.4
Austria,AUT,2012,71.45
Austria,AUT,2013,71.82
Austria,AUT,2014,70.82
Austria,AUT,2015,71.84
Austria,AUT,2016,72.03
Austria,AUT,2017,73.64
Austria,AUT,2018,73.62
Austria,AUT,2019,73.82
Austria,AUT,2020,71.23
Austria,AUT,2021,74.21
Austria,AUT,2022,73.17
Austria,AUT,2023,70.91
Austria,AUT,2024,71.69
Austria,AUT,2025,75.84
Azerbaijan,AZE,2000,19.17
Azerbaijan,AZE,2001,19.64
Azerbaijan,AZE,2002,20.13
Azerbaijan,AZE,2003,22.83
Azerbaijan,AZE,2004,23.09
Azerbaijan,AZE,2005,24.04
Azerbaijan,AZE,2006,25.4
Azerbaijan,AZE,2007,21.58
Azerbaijan,AZE,2008,21.02
Azerbaijan,AZE,2009,18.58
Azerbaijan,AZE,2010,18.31
Azerbaijan,AZE,2011,19.59
Azerbaijan,AZE,2012,22.43
Azerbaijan,AZE,2013,22.88
Azerbaijan,AZE,2014,24.26
Azerbaijan,AZE,2015,24.41
Azerbaijan,AZE,2016,23.87
Azerbaijan,AZE,2017,23.05
Azerbaijan,AZE,2018,23.82
Azerbaijan,AZE,2019,24.6
Azerbaijan,AZE,2020,24.74
Azerbaijan,AZE,2021,26.27
Azerbaijan,AZE,2022,26.08
Azerbaijan,AZE,2023,26.06
Azerbaijan,AZE,2024,26.61
Azerbaijan,AZE,2025,27.17
Bahamas,BHS,2000,1.7
Bahamas,BHS,2001,1.77
Bahamas,BHS,2002,1.89
Bahamas,BHS,2003,2
Bahamas,BHS,2004,1.98
Bahamas,BHS,2005,2.09
Bahamas,BHS,2006,2.12
Bahamas,BHS,2007,2.25
Bahamas,BHS,2008,2.25
Bahamas,BHS,2009,2.14
Bahamas,BHS,2010,2.01
Bahamas,BHS,2011,2.05
Bahamas,BHS,2012,1.9
Bahamas,BHS,2013,1.88
Bahamas,BHS,2014,1.92
Bahamas,BHS,2015,2
Bahamas,BHS,2016,1.97
Bahamas,BHS,2017,1.99
Bahamas,BHS,2018,2
Bahamas,BHS,2019,2.01
Bahamas,BHS,2020,2.03
Bahamas,BHS,2021,2.04
Bahamas,BHS,2022,2.05
Bahamas,BHS,2023,2.21
Bahamas,BHS,2024,2.25
Bahrain,BHR,2000,13.86
Bahrain,BHR,2001,14.62
Bahrain,BHR,2002,15.26
Bahrain,BHR,2003,15.7
Bahrain,BHR,2004,16.15
Bahrain,BHR,2005,19.37
Bahrain,BHR,2006,21.04
Bahrain,BHR,2007,21.73
Bahrain,BHR,2008,22.63
Bahrain,BHR,2009,22.73
Bahrain,BHR,2010,23.99
Bahrain,BHR,2011,24.46
Bahrain,BHR,2012,24.61
Bahrain,BHR,2013,25.93
Bahrain,BHR,2014,27.26
Bahrain,BHR,2015,28.48
Bahrain,BHR,2016,28.5
Bahrain,BHR,2017,29.27
Bahrain,BHR,2018,29.75
Bahrain,BHR,2019,33.19
Bahrain,BHR,2020,33.16
Bahrain,BHR,2021,33.93
Bahrain,BHR,2022,35.71
Bahrain,BHR,2023,37.95
Bahrain,BHR,2024,38.44
Bangladesh,BGD,2000,15.94
Bangladesh,BGD,2001,17.38
Bangladesh,BGD,2002,18.95
Bangladesh,BGD,2003,20.07
Bangladesh,BGD,2004,25.13
Bangladesh,BGD,2005,26.96
Bangladesh,BGD,2006,30.16
Bangladesh,BGD,2007,30.99
Bangladesh,BGD,2008,34.23
Bangladesh,BGD,2009,37.23
Bangladesh,BGD,2010,40.86
Bangladesh,BGD,2011,44.22
Bangladesh,BGD,2012,48.62
Bangladesh,BGD,2013,53.34
Bangladesh,BGD,2014,58.32
Bangladesh,BGD,2015,62.67
Bangladesh,BGD,2016,72.91
Bangladesh,BGD,2017,78.11
Bangladesh,BGD,2018,83.93
Bangladesh,BGD,2019,91.9
Bangladesh,BGD,2020,92.13
Bangladesh,BGD,2021,103.75
Bangladesh,BGD,2022,109.96
Bangladesh,BGD,2023,111.16
Bangladesh,BGD,2024,111.74
Bangladesh,BGD,2025,118.06
Barbados,BRB,2000,0.79
Barbados,BRB,2001,0.83
Barbados,BRB,2002,0.86
Barbados,BRB,2003,0.87
Barbados,BRB,2004,0.89
Barbados,BRB,2005,0.99
Barbados,BRB,2006,1.02
Barbados,BRB,2007,1.05
Barbados,BRB,2008,1.05
Barbados,BRB,2009,1.07
Barbados,BRB,2010,1.03
Barbados,BRB,2011,1.04
Barbados,BRB,2012,1.13
Barbados,BRB,2013,1.01
Barbados,BRB,2014,1.03
Barbados,BRB,2015,1.04
Barbados,BRB,2016,1.05
Barbados,BRB,2017,1.04
Barbados,BRB,2018,1.04
Barbados,BRB,2019,1.06
Barbados,BRB,2020,1.06
Barbados,BRB,2021,1.06
Barbados,BRB,2022,1.09
Barbados,BRB,2023,1.1
Barbados,BRB,2024,1.11
Belarus,BLR,2000,33.31
Belarus,BLR,2001,33.34
Belarus,BLR,2002,33.01
Belarus,BLR,2003,33.46
Belarus,BLR,2004,34.45
Belarus,BLR,2005,35
Belarus,BLR,2006,36.17
Belarus,BLR,2007,36.17
Belarus,BLR,2008,36.89
Belarus,BLR,2009,34.84
Belarus,BLR,2010,37.6
Belarus,BLR,2011,37.78
Belarus,BLR,2012,38.41
Belarus,BLR,2013,37.88
Belarus,BLR,2014,38.06
Belarus,BLR,2015,36.71
Belarus,BLR,2016,36.59
Belarus,BLR,2017,37.1
Belarus,BLR,2018,38
Belarus,BLR,2019,38.12
Belarus,BLR,2020,38.04
Belarus,BLR,2021,40.95
Belarus,BLR,2022,36.48
Belarus,BLR,2023,41.43
Belarus,BLR,2024,45.22
Belarus,BLR,2025,45.47
Belgium,BEL,1990,66.57
Belgium,BEL,1991,69.34
Belgium,BEL,1992,71.55
Belgium,BEL,1993,72.31
Belgium,BEL,1994,75.32
Belgium,BEL,1995,77.59
Belgium,BEL,1996,79.33
Belgium,BEL,1997,81.15
Belgium,BEL,1998,83.48
Belgium,BEL,1999,84.22
Belgium,BEL,2000,87.12
Belgium,BEL,2001,87.74
Belgium,BEL,2002,88.53
Belgium,BEL,2003,89.98
Belgium,BEL,2004,90.69
Belgium,BEL,2005,90.68
Belgium,BEL,2006,93.5
Belgium,BEL,2007,93.59
Belgium,BEL,2008,93.66
Belgium,BEL,2009,87.92
Belgium,BEL,2010,93.59
Belgium,BEL,2011,91.82
Belgium,BEL,2012,91.45
Belgium,BEL,2013,91.59
Belgium,BEL,2014,88.8
Belgium,BEL,2015,89.43
Belgium,BEL,2016,90.49
Belgium,BEL,2017,91.36
Belgium,BEL,2018,91.2
Belgium,BEL,2019,90.84
Belgium,BEL,2020,87.96
Belgium,BEL,2021,91.52
Belgium,BEL,2022,86.8
Belgium,BEL,2023,83.77
Belgium,BEL,2024,86.35
Belgium,BEL,2025,86.56
Belize,BLZ,2000,0.13
Belize,BLZ,2001,0.29
Belize,BLZ,2002,0.32
Belize,BLZ,2003,0.35
Belize,BLZ,2004,0.38
Belize,BLZ,2005,0.41
Belize,BLZ,2006,0.42
Belize,BLZ,2007,0.44
Belize,BLZ,2008,0.46
Belize,BLZ,2009,0.46
Belize,BLZ,2010,0.58
Belize,BLZ,2011,0.5
Belize,BLZ,2012,0.62
Belize,BLZ,2013,0.6
Belize,BLZ,2014,0.59
Belize,BLZ,2015,0.61
Belize,BLZ,2016,0.62
Belize,BLZ,2017,0.63
Belize,BLZ,2018,0.64
Belize,BLZ,2019,0.9
Belize,BLZ,2020,0.71
Belize,BLZ,2021,0.64
Belize,BLZ,2022,0.75
Belize,BLZ,2023,0.73
Belize,BLZ,2024,0.85
Benin,BEN,2000,0.45
Benin,BEN,2001,0.52
Benin,BEN,2002,0.59
Benin,BEN,2003,0.59
Benin,BEN,2004,0.66
Benin,BEN,2005,0.71
Benin,BEN,2006,0.74
Benin,BEN,2007,0.8
Benin,BEN,2008,0.89
Benin,BEN,2009,1
Benin,BEN,2010,1.05
Benin,BEN,2011,1.1
Benin,BEN,2012,1.12
Benin,BEN,2013,1.22
Benin,BEN,2014,1.41
Benin,BEN,2015,1.37
Benin,BEN,2016,1.36
Benin,BEN,2017,1.43
Benin,BEN,2018,1.48
Benin,BEN,2019,1.63
Benin,BEN,2020,1.63
Benin,BEN,2021,1.82
Benin,BEN,2022,1.82
Benin,BEN,2023,2.29
Benin,BEN,2024,2.31
Bermuda,BMU,2000,0.6
Bermuda,BMU,2001,0.61
Bermuda,BMU,2002,0.64
Bermuda,BMU,2003,0.66
Bermuda,BMU,2004,0.66
Bermuda,BMU,2005,0.69
Bermuda,BMU,2006,0.71
Bermuda,BMU,2007,0.73
Bermuda,BMU,2008,0.72
Bermuda,BMU,2009,0.74
Bermuda,BMU,2010,0.74
Bermuda,BMU,2011,0.73
Bermuda,BMU,2012,0.7
Bermuda,BMU,2013,0.68
Bermuda,BMU,2014,0.66
Bermuda,BMU,2015,0.67
Bermuda,BMU,2016,0.66
Bermuda,BMU,2017,0.67
Bermuda,BMU,2018,0.64
Bermuda,BMU,2019,0.61
Bermuda,BMU,2020,0.59
Bermuda,BMU,2021,0.59
Bermuda,BMU,2022,0.63
Bermuda,BMU,2023,0.64
Bermuda,BMU,2024,0.61
Bhutan,BTN,2000,0.41
Bhutan,BTN,2001,0.54
Bhutan,BTN,2002,0.64
Bhutan,BTN,2003,0.67
Bhutan,BTN,2004,0.73
Bhutan,BTN,2005,0.92
Bhutan,BTN,2006,1.98
Bhutan,BTN,2007,1.14
Bhutan,BTN,2008,0.98
Bhutan,BTN,2009,1.59
Bhutan,BTN,2010,1.81
Bhutan,BTN,2011,1.74
Bhutan,BTN,2012,1.9
Bhutan,BTN,2013,2.08
Bhutan,BTN,2014,2.16
Bhutan,BTN,2015,2.13
Bhutan,BTN,2016,2.2
Bhutan,BTN,2017,2.04
Bhutan,BTN,2018,2.44
Bhutan,BTN,2019,2.6
Bhutan,BTN,2020,6.19
Bhutan,BTN,2021,11.65
Bhutan,BTN,2022,11.6
Bhutan,BTN,2023,11.99
Bhutan,BTN,2024,12.46
Bolivia,BOL,2000,3.9
Bolivia,BOL,2001,3.97
Bolivia,BOL,2002,4.17
Bolivia,BOL,2003,4.34
Bolivia,BOL,2004,4.53
Bolivia,BOL,2005,4.89
Bolivia,BOL,2006,5
Bolivia,BOL,2007,5.44
Bolivia,BOL,2008,5.92
Bolivia,BOL,2009,6.21
Bolivia,BOL,2010,6.65
Bolivia,BOL,2011,7.09
Bolivia,BOL,2012,7.41
Bolivia,BOL,2013,7.81
Bolivia,BOL,2014,8.3
Bolivia,BOL,2015,9
Bolivia,BOL,2016,9.3
Bolivia,BOL,2017,9.59
Bolivia,BOL,2018,10.04
Bolivia,BOL,2019,10.37
Bolivia,BOL,2020,10.27
Bolivia,BOL,2021,10.87
Bolivia,BOL,2022,11.67
Bolivia,BOL,2023,12.55
Bolivia,BOL,2024,13.53
Bolivia,BOL,2025,13.63
Bosnia and Herzegovina,BIH,2000,10.43
Bosnia and Herzegovina,BIH,2001,10.63
Bosnia and Herzegovina,BIH,2002,10.79
Bosnia and Herzegovina,BIH,2003,11.27
Bosnia and Herzegovina,BIH,2004,12.73
Bosnia and Herzegovina,BIH,2005,12.6
Bosnia and Herzegovina,BIH,2006,13.29
Bosnia and Herzegovina,BIH,2007,11.78
Bosnia and Herzegovina,BIH,2008,14.67
Bosnia and Herzegovina,BIH,2009,15.48
Bosnia and Herzegovina,BIH,2010,16.93
Bosnia and Herzegovina,BIH,2011,15.07
Bosnia and Herzegovina,BIH,2012,13.81
Bosnia and Herzegovina,BIH,2013,17.25
Bosnia and Herzegovina,BIH,2014,17.03
Bosnia and Herzegovina,BIH,2015,16.43
Bosnia and Herzegovina,BIH,2016,17.71
Bosnia and Herzegovina,BIH,2017,16.24
Bosnia and Herzegovina,BIH,2018,19.07
Bosnia and Herzegovina,BIH,2019,17.42
Bosnia and Herzegovina,BIH,2020,16.79
Bosnia and Herzegovina,BIH,2021,18.41
Bosnia and Herzegovina,BIH,2022,16.35
Bosnia and Herzegovina,BIH,2023,17.18
Bosnia and Herzegovina,BIH,2024,15.49
Bosnia and Herzegovina,BIH,2025,14.44
Botswana,BWA,2000,2.11
Botswana,BWA,2001,2.25
Botswana,BWA,2002,2.39
Botswana,BWA,2003,2.65
Botswana,BWA,2004,2.88
Botswana,BWA,2005,2.96
Botswana,BWA,2006,3.04
Botswana,BWA,2007,3.22
Botswana,BWA,2008,3.29
Botswana,BWA,2009,3.37
Botswana,BWA,2010,3.51
Botswana,BWA,2011,3.62
Botswana,BWA,2012,3.62
Botswana,BWA,2013,3.74
Botswana,BWA,2014,3.99
Botswana,BWA,2015,4.44
Botswana,BWA,2016,4.36
Botswana,BWA,2017,4.24
Botswana,BWA,2018,3.82
Botswana,BWA,2019,3.52
Botswana,BWA,2020,4.23
Botswana,BWA,2021,4.15
Botswana,BWA,2022,4.36
Botswana,BWA,2023,4.74
Botswana,BWA,2024,4.67
Brazil,BRA,2000,391.92
Brazil,BRA,2001,366.4
Brazil,BRA,2002,382.28
Brazil,BRA,2003,402.58
Brazil,BRA,2004,424.87
Brazil,BRA,2005,442.11
Brazil,BRA,2006,460.61
Brazil,BRA,2007,483.98
Brazil,BRA,2008,505.39
Brazil,BRA,2009,506.15
Brazil,BRA,2010,550.45
Brazil,BRA,2011,567.65
Brazil,BRA,2012,592.76
Brazil,BRA,2013,611.16
Brazil,BRA,2014,624.33
Brazil,BRA,2015,615.64
Brazil,BRA,2016,619.68
Brazil,BRA,2017,625.67
Brazil,BRA,2018,636.37
Brazil,BRA,2019,658.29
Brazil,BRA,2020,653.48
Brazil,BRA,2021,679.5
Brazil,BRA,2022,690.07
Brazil,BRA,2023,723.23
Brazil,BRA,2024,757.31
Brazil,BRA,2025,762.12
British Virgin Islands,VGB,2000,0.11
British Virgin Islands,VGB,2001,0.12
British Virgin Islands,VGB,2002,0.14
British Virgin Islands,VGB,2003,0.14
British Virgin Islands,VGB,2004,0.15
British Virgin Islands,VGB,2005,0.16
British Virgin Islands,VGB,2006,0.17
British Virgin Islands,VGB,2007,0.18
British Virgin Islands,VGB,2008,0.18
British Virgin Islands,VGB,2009,0.19
British Virgin Islands,VGB,2010,0.2
British Virgin Islands,VGB,2011,0.19
British Virgin Islands,VGB,2012,0.2
British Virgin Islands,VGB,2013,0.2
British Virgin Islands,VGB,2014,0.2
British Virgin Islands,VGB,2015,0.21
British Virgin Islands,VGB,2016,0.22
British Virgin Islands,VGB,2017,0.17
British Virgin Islands,VGB,2018,0.16
British Virgin Islands,VGB,2019,0.16
British Virgin Islands,VGB,2020,0.16
British Virgin Islands,VGB,2021,0.17
British Virgin Islands,VGB,2022,0.17
British Virgin Islands,VGB,2023,0.17
Brunei,BRN,2000,2.54
Brunei,BRN,2001,2.58
Brunei,BRN,2002,2.71
Brunei,BRN,2003,3.2
Brunei,BRN,2004,3.26
Brunei,BRN,2005,3.26
Brunei,BRN,2006,3.3
Brunei,BRN,2007,3.39
Brunei,BRN,2008,3.42
Brunei,BRN,2009,3.62
Brunei,BRN,2010,3.79
Brunei,BRN,2011,3.73
Brunei,BRN,2012,3.93
Brunei,BRN,2013,4.4
Brunei,BRN,2014,4.5
Brunei,BRN,2015,4.2
Brunei,BRN,2016,4.27
Brunei,BRN,2017,4.16
Brunei,BRN,2018,4.3
Brunei,BRN,2019,4.93
Brunei,BRN,2020,5.74
Brunei,BRN,2021,5.7
Brunei,BRN,2022,5.6
Brunei,BRN,2023,5.6
Brunei,BRN,2024,5.56
Bulgaria,BGR,1990,45.69
Bulgaria,BGR,1991,42.81
Bulgaria,BGR,1992,38.15
Bulgaria,BGR,1993,37.95
Bulgaria,BGR,1994,37.91
Bulgaria,BGR,1995,41.49
Bulgaria,BGR,1996,42.23
Bulgaria,BGR,1997,39.03
Bulgaria,BGR,1998,37.77
Bulgaria,BGR,1999,35.97
Bulgaria,BGR,2000,35.97
Bulgaria,BGR,2001,36.51
Bulgaria,BGR,2002,35.78
Bulgaria,BGR,2003,36.79
Bulgaria,BGR,2004,35.48
Bulgaria,BGR,2005,36.31
Bulgaria,BGR,2006,37.7
Bulgaria,BGR,2007,38.35
Bulgaria,BGR,2008,39.15
Bulgaria,BGR,2009,37.24
Bulgaria,BGR,2010,37.48
Bulgaria,BGR,2011,39.3
Bulgaria,BGR,2012,38.15
Bulgaria,BGR,2013,36.84
Bulgaria,BGR,2014,37.46
Bulgaria,BGR,2015,38.13
Bulgaria,BGR,2016,38.16
Bulgaria,BGR,2017,39.36
Bulgaria,BGR,2018,38.7
Bulgaria,BGR,2019,37.91
Bulgaria,BGR,2020,36.73
Bulgaria,BGR,2021,38.44
Bulgaria,BGR,2022,38.09
Bulgaria,BGR,2023,36.75
Bulgaria,BGR,2024,37.31
Bulgaria,BGR,2025,36.53
Burkina Faso,BFA,2000,0.39
Burkina Faso,BFA,2001,0.43
Burkina Faso,BFA,2002,0.47
Burkina Faso,BFA,2003,0.52
Burkina Faso,BFA,2004,0.57
Burkina Faso,BFA,2005,0.65
Burkina Faso,BFA,2006,0.69
Burkina Faso,BFA,2007,0.73
Burkina Faso,BFA,2008,0.75
Burkina Faso,BFA,2009,0.84
Burkina Faso,BFA,2010,1.08
Burkina Faso,BFA,2011,1.05
Burkina Faso,BFA,2012,1.17
Burkina Faso,BFA,2013,1.28
Burkina Faso,BFA,2014,1.37
Burkina Faso,BFA,2015,1.45
Burkina Faso,BFA,2016,1.62
Burkina Faso,BFA,2017,1.77
Burkina Faso,BFA,2018,2.71
Burkina Faso,BFA,2019,2.68
Burkina Faso,BFA,2020,3.02
Burkina Faso,BFA,2021,3.23
Burkina Faso,BFA,2022,3.18
Burkina Faso,BFA,2023,3.27
Burkina Faso,BFA,2024,3.19
Burundi,BDI,2000,0.13
Burundi,BDI,2001,0.15
Burundi,BDI,2002,0.17
Burundi,BDI,2003,0.15
Burundi,BDI,2004,0.15
Burundi,BDI,2005,0.16
Burundi,BDI,2006,0.17
Burundi,BDI,2007,0.2
Burundi,BDI,2008,0.19
Burundi,BDI,2009,0.21
Burundi,BDI,2010,0.26
Burundi,BDI,2011,0.25
Burundi,BDI,2012,0.25
Burundi,BDI,2013,0.27
Burundi,BDI,2014,0.27
Burundi,BDI,2015,0.28
Burundi,BDI,2016,0.31
Burundi,BDI,2017,0.37
Burundi,BDI,2018,0.45
Burundi,BDI,2019,0.49
Burundi,BDI,2020,0.46
Burundi,BDI,2021,0.49
Burundi,BDI,2022,0.49
Burundi,BDI,2023,0.6
Burundi,BDI,2024,0.57
Cambodia,KHM,2000,0.48
Cambodia,KHM,2001,0.52
Cambodia,KHM,2002,0.58
Cambodia,KHM,2003,0.65
Cambodia,KHM,2004,0.76
Cambodia,KHM,2005,0.91
Cambodia,KHM,2006,1.13
Cambodia,KHM,2007,1.44
Cambodia,KHM,2008,1.76
Cambodia,KHM,2009,1.97
Cambodia,KHM,2010,2.52
Cambodia,KHM,2011,2.85
Cambodia,KHM,2012,3.54
Cambodia,KHM,2013,4.06
Cambodia,KHM,2014,4.86
Cambodia,KHM,2015,6.04
Cambodia,KHM,2016,7.06
Cambodia,KHM,2017,8.07
Cambodia,KHM,2018,9.75
Cambodia,KHM,2019,11.73
Cambodia,KHM,2020,11.34
Cambodia,KHM,2021,13.1
Cambodia,KHM,2022,14.9
Cambodia,KHM,2023,16.97
Cambodia,KHM,2024,20
Cambodia,KHM,2025,22.39
Cameroon,CMR,2000,3.45
Cameroon,CMR,2001,3.51
Cameroon,CMR,2002,3.27
Cameroon,CMR,2003,3.65
Cameroon,CMR,2004,4.07
Cameroon,CMR,2005,3.96
Cameroon,CMR,2006,5.06
Cameroon,CMR,2007,5.21
Cameroon,CMR,2008,5.64
Cameroon,CMR,2009,5.74
Cameroon,CMR,2010,5.86
Cameroon,CMR,2011,5.88
Cameroon,CMR,2012,6.55
Cameroon,CMR,2013,7.08
Cameroon,CMR,2014,7.6
Cameroon,CMR,2015,7.98
Cameroon,CMR,2016,7.16
Cameroon,CMR,2017,8.11
Cameroon,CMR,2018,8.59
Cameroon,CMR,2019,8.33
Cameroon,CMR,2020,8.86
Cameroon,CMR,2021,8.41
Cameroon,CMR,2022,8.15
Cameroon,CMR,2023,7.28
Cameroon,CMR,2024,7.32
Canada,CAN,2000,567.99
Canada,CAN,2001,565.46
Canada,CAN,2002,578.48
Canada,CAN,2003,582.53
Canada,CAN,2004,587.97
Canada,CAN,2005,596.65
Canada,CAN,2006,589.32
Canada,CAN,2007,603.24
Canada,CAN,2008,602.95
Canada,CAN,2009,580.25
Canada,CAN,2010,582.01
Canada,CAN,2011,601.59
Canada,CAN,2012,589.79
Canada,CAN,2013,603.81
Canada,CAN,2014,607.36
Canada,CAN,2015,601.55
Canada,CAN,2016,603.33
Canada,CAN,2017,607.11
Canada,CAN,2018,613
Canada,CAN,2019,608.62
Canada,CAN,2020,598.25
Canada,CAN,2021,605.11
Canada,CAN,2022,612.97
Canada,CAN,2023,613.63
Canada,CAN,2024,624.36
Canada,CAN,2025,645.64
Cape Verde,CPV,2000,0.15
Cape Verde,CPV,2001,0.17
Cape Verde,CPV,2002,0.19
Cape Verde,CPV,2003,0.19
Cape Verde,CPV,2004,0.22
Cape Verde,CPV,2005,0.24
Cape Verde,CPV,2006,0.25
Cape Verde,CPV,2007,0.27
Cape Verde,CPV,2008,0.29
Cape Verde,CPV,2009,0.31
Cape Verde,CPV,2010,0.34
Cape Verde,CPV,2011,0.37
Cape Verde,CPV,2012,0.38
Cape Verde,CPV,2013,0.41
Cape Verde,CPV,2014,0.43
Cape Verde,CPV,2015,0.43
Cape Verde,CPV,2016,0.45
Cape Verde,CPV,2017,0.43
Cape Verde,CPV,2018,0.43
Cape Verde,CPV,2019,0.44
Cape Verde,CPV,2020,0.42
Cape Verde,CPV,2021,0.43
Cape Verde,CPV,2022,0.5
Cape Verde,CPV,2023,0.5
Cape Verde,CPV,2024,0.52
Cayman Islands,CYM,2000,0.44
Cayman Islands,CYM,2001,0.47
Cayman Islands,CYM,2002,0.48
Cayman Islands,CYM,2003,0.51
Cayman Islands,CYM,2004,0.45
Cayman Islands,CYM,2005,0.48
Cayman Islands,CYM,2006,0.56
Cayman Islands,CYM,2007,0.6
Cayman Islands,CYM,2008,0.62
Cayman Islands,CYM,2009,0.63
Cayman Islands,CYM,2010,0.62
Cayman Islands,CYM,2011,0.63
Cayman Islands,CYM,2012,0.61
Cayman Islands,CYM,2013,0.62
Cayman Islands,CYM,2014,0.62
Cayman Islands,CYM,2015,0.64
Cayman Islands,CYM,2016,0.67
Cayman Islands,CYM,2017,0.68
Cayman Islands,CYM,2018,0.67
Cayman Islands,CYM,2019,0.72
Cayman Islands,CYM,2020,0.69
Cayman Islands,CYM,2021,0.7
Cayman Islands,CYM,2022,0.7
Cayman Islands,CYM,2023,0.7
Cayman Islands,CYM,2024,0.71
Central African Republic,CAF,2000,0.1
Central African Republic,CAF,2001,0.11
Central African Republic,CAF,2002,0.11
Central African Republic,CAF,2003,0.11
Central African Republic,CAF,2004,0.15
Central African Republic,CAF,2005,0.16
Central African Republic,CAF,2006,0.17
Central African Republic,CAF,2007,0.16
Central African Republic,CAF,2008,0.16
Central African Republic,CAF,2009,0.16
Central African Republic,CAF,2010,0.16
Central African Republic,CAF,2011,0.18
Central African Republic,CAF,2012,0.18
Central African Republic,CAF,2013,0.14
Central African Republic,CAF,2014,0.17
Central African Republic,CAF,2015,0.17
Central African Republic,CAF,2016,0.17
Central African Republic,CAF,2017,0.15
Central African Republic,CAF,2018,0.15
Central African Republic,CAF,2019,0.15
Central African Republic,CAF,2020,0.15
Central African Republic,CAF,2021,0.15
Central African Republic,CAF,2022,0.14
Central African Republic,CAF,2023,0.14
Chad,TCD,2000,0.09
Chad,TCD,2001,0.1
Chad,TCD,2002,0.1
Chad,TCD,2003,0.11
Chad,TCD,2004,0.12
Chad,TCD,2005,0.12
Chad,TCD,2006,0.12
Chad,TCD,2007,0.12
Chad,TCD,2008,0.14
Chad,TCD,2009,0.17
Chad,TCD,2010,0.19
Chad,TCD,2011,0.2
Chad,TCD,2012,0.24
Chad,TCD,2013,0.28
Chad,TCD,2014,0.3
Chad,TCD,2015,0.3
Chad,TCD,2016,0.31
Chad,TCD,2017,0.32
Chad,TCD,2018,0.34
Chad,TCD,2019,0.35
Chad,TCD,2020,0.35
Chad,TCD,2021,0.43
Chad,TCD,2022,0.39
Chad,TCD,2023,0.36
Chad,TCD,2024,0.37
Chile,CHL,2000,42.31
Chile,CHL,2001,43.71
Chile,CHL,2002,45.25
Chile,CHL,2003,48.58
Chile,CHL,2004,52.9
Chile,CHL,2005,54.37
Chile,CHL,2006,57.33
Chile,CHL,2007,59.91
Chile,CHL,2008,60.61
Chile,CHL,2009,61.72
Chile,CHL,2010,61.21
Chile,CHL,2011,66.38
Chile,CHL,2012,69.57
Chile,CHL,2013,72.84
Chile,CHL,2014,70.17
Chile,CHL,2015,74.91
Chile,CHL,2016,78.83
Chile,CHL,2017,78.89
Chile,CHL,2018,81.76
Chile,CHL,2019,83.98
Chile,CHL,2020,83.58
Chile,CHL,2021,88.1
Chile,CHL,2022,91.04
Chile,CHL,2023,89.23
Chile,CHL,2024,88.62
Chile,CHL,2025,88.5
China,CHN,2000,1346.85
China,CHN,2001,1472.19
China,CHN,2002,1645.61
China,CHN,2003,1903.22
China,CHN,2004,2197.23
China,CHN,2005,2494.08
China,CHN,2006,2858.84
China,CHN,2007,3271.23
China,CHN,2008,3482.96
China,CHN,2009,3703.26
China,CHN,2010,4193.65
China,CHN,2011,4700.28
China,CHN,2012,4976.76
China,CHN,2013,5420.4
China,CHN,2014,5783.04
China,CHN,2015,5802.14
China,CHN,2016,6120.44
China,CHN,2017,6591.39
China,CHN,2018,7150.92
China,CHN,2019,7486.63
China,CHN,2020,7762.03
China,CHN,2021,8520.02
China,CHN,2022,8835.76
China,CHN,2023,9439.37
China,CHN,2024,10069.88
China,CHN,2025,10563.9
Colombia,COL,2000,42.85
Colombia,COL,2001,42.97
Colombia,COL,2002,44.1
Colombia,COL,2003,45.09
Colombia,COL,2004,47.7
Colombia,COL,2005,48.2
Colombia,COL,2006,51.55
Colombia,COL,2007,53.95
Colombia,COL,2008,54.08
Colombia,COL,2009,55.69
Colombia,COL,2010,59.44
Colombia,COL,2011,60.17
Colombia,COL,2012,62.35
Colombia,COL,2013,72.16
Colombia,COL,2014,69.66
Colombia,COL,2015,77.56
Colombia,COL,2016,76.5
Colombia,COL,2017,78.54
Colombia,COL,2018,78.32
Colombia,COL,2019,79.09
Colombia,COL,2020,78.8
Colombia,COL,2021,84.48
Colombia,COL,2022,83.29
Colombia,COL,2023,86.58
Colombia,COL,2024,89.14
Colombia,COL,2025,91.61
Comoros,COM,2000,0.03
Comoros,COM,2001,0.03
Comoros,COM,2002,0.03
Comoros,COM,2003,0.04
Comoros,COM,2004,0.04
Comoros,COM,2005,0.05
Comoros,COM,2006,0.05
Comoros,COM,2007,0.05
Comoros,COM,2008,0.04
Comoros,COM,2009,0.05
Comoros,COM,2010,0.06
Comoros,COM,2011,0.06
Comoros,COM,2012,0.06
Comoros,COM,2013,0.06
Comoros,COM,2014,0.05
Comoros,COM,2015,0.05
Comoros,COM,2016,0.06
Comoros,COM,2017,0.09
Comoros,COM,2018,0.1
Comoros,COM,2019,0.11
Comoros,COM,2020,0.13
Comoros,COM,2021,0.13
Comoros,COM,2022,0.14
Comoros,COM,2023,0.14
Congo,COG,2000,0.55
Congo,COG,2001,0.63
Congo,COG,2002,0.75
Congo,COG,2003,0.76
Congo,COG,2004,0.8
Congo,COG,2005,0.85
Congo,COG,2006,0.86
Congo,COG,2007,0.85
Congo,COG,2008,0.9
Congo,COG,2009,0.98
Congo,COG,2010,1.09
Congo,COG,2011,1.34
Congo,COG,2012,1.75
Congo,COG,2013,1.77
Congo,COG,2014,1.76
Congo,COG,2015,2.77
Congo,COG,2016,2.97
Congo,COG,2017,2.98
Congo,COG,2018,3.08
Congo,COG,2019,3.87
Congo,COG,2020,4.01
Congo,COG,2021,4.11
Congo,COG,2022,4.95
Congo,COG,2023,5.31
Congo,COG,2024,5.38
Cook Islands,COK,2000,0.03
Cook Islands,COK,2001,0.03
Cook Islands,COK,2002,0.03
Cook Islands,COK,2003,0.03
Cook Islands,COK,2004,0.03
Cook Islands,COK,2005,0.03
Cook Islands,COK,2006,0.03
Cook Islands,COK,2007,0.03
Cook Islands,COK,2008,0.03
Cook Islands,COK,2009,0.03
Cook Islands,COK,2010,0.03
Cook Islands,COK,2011,0.03
Cook Islands,COK,2012,0.03
Cook Islands,COK,2013,0.03
Cook Islands,COK,2014,0.03
Cook Islands,COK,2015,0.03
Cook Islands,COK,2016,0.03
Cook Islands,COK,2017,0.04
Cook Islands,COK,2018,0.05
Cook Islands,COK,2019,0.04
Cook Islands,COK,2020,0.04
Cook Islands,COK,2021,0.04
Cook Islands,COK,2022,0.04
Cook Islands,COK,2023,0.04
Cook Islands,COK,2024,0.04
Costa Rica,CRI,2000,6.39
Costa Rica,CRI,2001,6.65
Costa Rica,CRI,2002,7
Costa Rica,CRI,2003,7.22
Costa Rica,CRI,2004,7.74
Costa Rica,CRI,2005,8.2
Costa Rica,CRI,2006,8.71
Costa Rica,CRI,2007,9.14
Costa Rica,CRI,2008,9.33
Costa Rica,CRI,2009,9.26
Costa Rica,CRI,2010,9.54
Costa Rica,CRI,2011,9.71
Costa Rica,CRI,2012,10.13
Costa Rica,CRI,2013,10.24
Costa Rica,CRI,2014,10.37
Costa Rica,CRI,2015,10.66
Costa Rica,CRI,2016,11.04
Costa Rica,CRI,2017,11.08
Costa Rica,CRI,2018,11.2
Costa Rica,CRI,2019,11.44
Costa Rica,CRI,2020,11.21
Costa Rica,CRI,2021,11.73
Costa Rica,CRI,2022,11.72
Costa Rica,CRI,2023,12.07
Costa Rica,CRI,2024,11.22
Costa Rica,CRI,2025,12.45
Cote d'Ivoire,CIV,2000,3.56
Cote d'Ivoire,CIV,2001,3.72
Cote d'Ivoire,CIV,2002,3.72
Cote d'Ivoire,CIV,2003,3.75
Cote d'Ivoire,CIV,2004,4.09
Cote d'Ivoire,CIV,2005,4.27
Cote d'Ivoire,CIV,2006,4.57
Cote d'Ivoire,CIV,2007,4.85
Cote d'Ivoire,CIV,2008,5.19
Cote d'Ivoire,CIV,2009,5.37
Cote d'Ivoire,CIV,2010,5.6
Cote d'Ivoire,CIV,2011,5.49
Cote d'Ivoire,CIV,2012,6.41
Cote d'Ivoire,CIV,2013,6.81
Cote d'Ivoire,CIV,2014,7.39
Cote d'Ivoire,CIV,2015,7.85
Cote d'Ivoire,CIV,2016,9.02
Cote d'Ivoire,CIV,2017,8.26
Cote d'Ivoire,CIV,2018,8.99
Cote d'Ivoire,CIV,2019,9.57
Cote d'Ivoire,CIV,2020,10.14
Cote d'Ivoire,CIV,2021,10.8
Cote d'Ivoire,CIV,2022,11.85
Cote d'Ivoire,CIV,2023,10.27
Cote d'Ivoire,CIV,2024,10.06
Croatia,HRV,1990,15.69
Croatia,HRV,1991,13.69
Croatia,HRV,1992,11.68
Croatia,HRV,1993,11.66
Croatia,HRV,1994,11.8
Croatia,HRV,1995,12.32
Croatia,HRV,1996,12.83
Croatia,HRV,1997,13.59
Croatia,HRV,1998,14.23
Croatia,HRV,1999,14.58
Croatia,HRV,2000,14.63
Croatia,HRV,2001,15.27
Croatia,HRV,2002,15.73
Croatia,HRV,2003,16.47
Croatia,HRV,2004,16.87
Croatia,HRV,2005,17.46
Croatia,HRV,2006,17.91
Croatia,HRV,2007,18.44
Croatia,HRV,2008,18.79
Croatia,HRV,2009,18.35
Croatia,HRV,2010,18.76
Croatia,HRV,2011,18.38
Croatia,HRV,2012,18
Croatia,HRV,2013,17.81
Croatia,HRV,2014,17.38
Croatia,HRV,2015,18.03
Croatia,HRV,2016,18.13
Croatia,HRV,2017,18.72
Croatia,HRV,2018,18.91
Croatia,HRV,2019,18.78
Croatia,HRV,2020,17.87
Croatia,HRV,2021,19.07
Croatia,HRV,2022,18.79
Croatia,HRV,2023,19.02
Croatia,HRV,2024,19.65
Croatia,HRV,2025,20.05
Cuba,CUB,2000,15.03
Cuba,CUB,2001,15.3
Cuba,CUB,2002,15.69
Cuba,CUB,2003,15.81
Cuba,CUB,2004,15.64
Cuba,CUB,2005,15.35
Cuba,CUB,2006,16.47
Cuba,CUB,2007,17.61
Cuba,CUB,2008,17.68
Cuba,CUB,2009,17.73
Cuba,CUB,2010,17.4
Cuba,CUB,2011,17.75
Cuba,CUB,2012,18.43
Cuba,CUB,2013,19.25
Cuba,CUB,2014,19.43
Cuba,CUB,2015,20.39
Cuba,CUB,2016,20.55
Cuba,CUB,2017,20.57
Cuba,CUB,2018,20.8
Cuba,CUB,2019,20.7
Cuba,CUB,2020,19.03
Cuba,CUB,2021,17.83
Cuba,CUB,2022,15.65
Cuba,CUB,2023,19.74
Cuba,CUB,2024,19.43
Cyprus,CYP,1990,1.97
Cyprus,CYP,1991,2.08
Cyprus,CYP,1992,2.43
Cyprus,CYP,1993,2.59
Cyprus,CYP,1994,2.68
Cyprus,CYP,1995,2.5
Cyprus,CYP,1996,2.61
Cyprus,CYP,1997,2.73
Cyprus,CYP,1998,2.99
Cyprus,CYP,1999,3.14
Cyprus,CYP,2000,3.37
Cyprus,CYP,2001,3.55
Cyprus,CYP,2002,3.79
Cyprus,CYP,2003,4.05
Cyprus,CYP,2004,4.2
Cyprus,CYP,2005,4.38
Cyprus,CYP,2006,4.65
Cyprus,CYP,2007,4.87
Cyprus,CYP,2008,5.07
Cyprus,CYP,2009,5.21
Cyprus,CYP,2010,5.33
Cyprus,CYP,2011,4.92
Cyprus,CYP,2012,4.72
Cyprus,CYP,2013,4.29
Cyprus,CYP,2014,4.34
Cyprus,CYP,2015,4.54
Cyprus,CYP,2016,4.89
Cyprus,CYP,2017,5
Cyprus,CYP,2018,5.06
Cyprus,CYP,2019,5.15
Cyprus,CYP,2020,4.85
Cyprus,CYP,2021,5.12
Cyprus,CYP,2022,5.26
Cyprus,CYP,2023,5.33
Cyprus,CYP,2024,5.79
Cyprus,CYP,2025,5.91
Czechia,CZE,1990,61.58
Czechia,CZE,1991,57.77
Czechia,CZE,1992,56.01
Czechia,CZE,1993,56.57
Czechia,CZE,1994,57.95
Czechia,CZE,1995,61
Czechia,CZE,1996,63.83
Czechia,CZE,1997,63.02
Czechia,CZE,1998,62.16
Czechia,CZE,1999,60.89
Czechia,CZE,2000,62.88
Czechia,CZE,2001,64.68
Czechia,CZE,2002,64.61
Czechia,CZE,2003,66.58
Czechia,CZE,2004,68.07
Czechia,CZE,2005,69.3
Czechia,CZE,2006,71.03
Czechia,CZE,2007,71.62
Czechia,CZE,2008,71.81
Czechia,CZE,2009,68
Czechia,CZE,2010,70.27
Czechia,CZE,2011,69.6
Czechia,CZE,2012,69.46
Czechia,CZE,2013,69.02
Czechia,CZE,2014,68.68
Czechia,CZE,2015,69.98
Czechia,CZE,2016,71.03
Czechia,CZE,2017,72.72
Czechia,CZE,2018,72.93
Czechia,CZE,2019,72.62
Czechia,CZE,2020,69.95
Czechia,CZE,2021,72.58
Czechia,CZE,2022,70.2
Czechia,CZE,2023,66.62
Czechia,CZE,2024,66.15
Czechia,CZE,2025,68.04
Democratic Republic of Congo,COD,2000,4.67
Democratic Republic of Congo,COD,2001,4.73
Democratic Republic of Congo,COD,2002,4.75
Democratic Republic of Congo,COD,2003,4.78
Democratic Republic of Congo,COD,2004,5.63
Democratic Republic of Congo,COD,2005,5.67
Democratic Republic of Congo,COD,2006,6.19
Democratic Republic of Congo,COD,2007,6.5
Democratic Republic of Congo,COD,2008,6.92
Democratic Republic of Congo,COD,2009,7.03
Democratic Republic of Congo,COD,2010,7.08
Democratic Republic of Congo,COD,2011,7.69
Democratic Republic of Congo,COD,2012,8.1
Democratic Republic of Congo,COD,2013,8.74
Democratic Republic of Congo,COD,2014,9.81
Democratic Republic of Congo,COD,2015,9.9
Democratic Republic of Congo,COD,2016,9.73
Democratic Republic of Congo,COD,2017,10.15
Democratic Republic of Congo,COD,2018,11.19
Democratic Republic of Congo,COD,2019,12.71
Democratic Republic of Congo,COD,2020,13.63
Democratic Republic of Congo,COD,2021,15.6
Democratic Republic of Congo,COD,2022,16.64
Democratic Republic of Congo,COD,2023,17.07
Democratic Republic of Congo,COD,2024,17.36
Denmark,DNK,1990,32.99
Denmark,DNK,1991,34.48
Denmark,DNK,1992,34.35
Denmark,DNK,1993,34.96
Denmark,DNK,1994,35.54
Denmark,DNK,1995,35.79
Denmark,DNK,1996,37.98
Denmark,DNK,1997,36.89
Denmark,DNK,1998,36.6
Denmark,DNK,1999,36.41
Denmark,DNK,2000,36.51
Denmark,DNK,2001,36.97
Denmark,DNK,2002,37.03
Denmark,DNK,2003,37.42
Denmark,DNK,2004,37.37
Denmark,DNK,2005,37.45
Denmark,DNK,2006,38.51
Denmark,DNK,2007,38.19
Denmark,DNK,2008,37.93
Denmark,DNK,2009,36.58
Denmark,DNK,2010,37.61
Denmark,DNK,2011,36.43
Denmark,DNK,2012,35.78
Denmark,DNK,2013,35.69
Denmark,DNK,2014,34.89
Denmark,DNK,2015,34.69
Denmark,DNK,2016,35.46
Denmark,DNK,2017,35.46
Denmark,DNK,2018,35.43
Denmark,DNK,2019,35.18
Denmark,DNK,2020,35.46
Denmark,DNK,2021,37.79
Denmark,DNK,2022,36.52
Denmark,DNK,2023,37.02
Denmark,DNK,2024,38.77
Denmark,DNK,2025,40.67
Djibouti,DJI,2000,0.18
Djibouti,DJI,2001,0.19
Djibouti,DJI,2002,0.2
Djibouti,DJI,2003,0.2
Djibouti,DJI,2004,0.22
Djibouti,DJI,2005,0.3
Djibouti,DJI,2006,0.31
Djibouti,DJI,2007,0.32
Djibouti,DJI,2008,0.34
Djibouti,DJI,2009,0.35
Djibouti,DJI,2010,0.38
Djibouti,DJI,2011,0.39
Djibouti,DJI,2012,0.39
Djibouti,DJI,2013,0.43
Djibouti,DJI,2014,0.44
Djibouti,DJI,2015,0.49
Djibouti,DJI,2016,0.54
Djibouti,DJI,2017,0.57
Djibouti,DJI,2018,0.58
Djibouti,DJI,2019,0.6
Djibouti,DJI,2020,0.63
Djibouti,DJI,2021,0.71
Djibouti,DJI,2022,0.71
Djibouti,DJI,2023,0.71
Djibouti,DJI,2024,0.8
Dominica,DMA,2000,0.08
Dominica,DMA,2001,0.08
Dominica,DMA,2002,0.07
Dominica,DMA,2003,0.08
Dominica,DMA,2004,0.11
Dominica,DMA,2005,0.12
Dominica,DMA,2006,0.12
Dominica,DMA,2007,0.12
Dominica,DMA,2008,0.13
Dominica,DMA,2009,0.13
Dominica,DMA,2010,0.14
Dominica,DMA,2011,0.15
Dominica,DMA,2012,0.15
Dominica,DMA,2013,0.15
Dominica,DMA,2014,0.15
Dominica,DMA,2015,0.15
Dominica,DMA,2016,0.16
Dominica,DMA,2017,0.13
Dominica,DMA,2018,0.11
Dominica,DMA,2019,0.14
Dominica,DMA,2020,0.14
Dominica,DMA,2021,0.14
Dominica,DMA,2022,0.15
Dominica,DMA,2023,0.15
Dominican Republic,DOM,2000,13.01
Dominican Republic,DOM,2001,12.84
Dominican Republic,DOM,2002,13.9
Dominican Republic,DOM,2003,14.18
Dominican Republic,DOM,2004,12.02
Dominican Republic,DOM,2005,13.34
Dominican Republic,DOM,2006,14.11
Dominican Republic,DOM,2007,14.57
Dominican Republic,DOM,2008,14.61
Dominican Republic,DOM,2009,13.75
Dominican Republic,DOM,2010,14.78
Dominican Republic,DOM,2011,15.76
Dominican Republic,DOM,2012,16.9
Dominican Republic,DOM,2013,17.72
Dominican Republic,DOM,2014,17.28
Dominican Republic,DOM,2015,18
Dominican Republic,DOM,2016,18.78
Dominican Republic,DOM,2017,19.2
Dominican Republic,DOM,2018,19.6
Dominican Republic,DOM,2019,21.28
Dominican Republic,DOM,2020,19.49
Dominican Republic,DOM,2021,21.43
Dominican Republic,DOM,2022,22.17
Dominican Republic,DOM,2023,24.56
Dominican Republic,DOM,2024,24.03
Dominican Republic,DOM,2025,22.68
EU (Ember),,1990,2249.9
EU (Ember),,1991,2295.17
EU (Ember),,1992,2279.16
EU (Ember),,1993,2279.55
EU (Ember),,1994,2314.5
EU (Ember),,1995,2382.94
EU (Ember),,1996,2466.46
EU (Ember),,1997,2479.92
EU (Ember),,1998,2529.13
EU (Ember),,1999,2553.8
EU (Ember),,2000,2631.02
EU (Ember),,2001,2695.57
EU (Ember),,2002,2729.24
EU (Ember),,2003,2797.84
EU (Ember),,2004,2855.74
EU (Ember),,2005,2891.72
EU (Ember),,2006,2932.77
EU (Ember),,2007,2958.35
EU (Ember),,2008,2971.81
EU (Ember),,2009,2825.63
EU (Ember),,2010,2950.46
EU (Ember),,2011,2909.64
EU (Ember),,2012,2910.22
EU (Ember),,2013,2881.88
EU (Ember),,2014,2818.88
EU (Ember),,2015,2863.72
EU (Ember),,2016,2892.05
EU (Ember),,2017,2918.43
EU (Ember),,2018,2917.46
EU (Ember),,2019,2877.43
EU (Ember),,2020,2767.06
EU (Ember),,2021,2882.27
EU (Ember),,2022,2790.43
EU (Ember),,2023,2709.73
EU (Ember),,2024,2760.9
EU (Ember),,2025,2774.64
East Timor,TLS,2003,0.06
East Timor,TLS,2004,0.07
East Timor,TLS,2005,0.07
East Timor,TLS,2006,0.07
East Timor,TLS,2007,0.09
East Timor,TLS,2008,0.11
East Timor,TLS,2009,0.13
East Timor,TLS,2010,0.14
East Timor,TLS,2011,0.14
East Timor,TLS,2012,0.13
East Timor,TLS,2013,0.29
East Timor,TLS,2014,0.35
East Timor,TLS,2015,0.35
East Timor,TLS,2016,0.41
East Timor,TLS,2017,0.43
East Timor,TLS,2018,0.45
East Timor,TLS,2019,0.52
East Timor,TLS,2020,0.5
East Timor,TLS,2021,0.51
East Timor,TLS,2022,0.51
East Timor,TLS,2023,0.51
East Timor,TLS,2024,0.51
Ecuador,ECU,2000,10.55
Ecuador,ECU,2001,11
Ecuador,ECU,2002,11.87
Ecuador,ECU,2003,12.53
Ecuador,ECU,2004,14.41
Ecuador,ECU,2005,14.35
Ecuador,ECU,2006,15.65
Ecuador,ECU,2007,18.07
Ecuador,ECU,2008,18.95
Ecuador,ECU,2009,19.26
Ecuador,ECU,2010,20.28
Ecuador,ECU,2011,21.71
Ecuador,ECU,2012,22.96
Ecuador,ECU,2013,23.79
Ecuador,ECU,2014,24.98
Ecuador,ECU,2015,26.3
Ecuador,ECU,2016,26.84
Ecuador,ECU,2017,27.64
Ecuador,ECU,2018,29.08
Ecuador,ECU,2019,30.63
Ecuador,ECU,2020,30.2
Ecuador,ECU,2021,31.96
Ecuador,ECU,2022,33.33
Ecuador,ECU,2023,36.6
Ecuador,ECU,2024,33.36
Ecuador,ECU,2025,36.64
Egypt,EGY,2000,73.17
Egypt,EGY,2001,80.5
Egypt,EGY,2002,85.45
Egypt,EGY,2003,91.27
Egypt,EGY,2004,97.55
Egypt,EGY,2005,104.16
Egypt,EGY,2006,111.31
Egypt,EGY,2007,119.3
Egypt,EGY,2008,127.9
Egypt,EGY,2009,133.33
Egypt,EGY,2010,142.99
Egypt,EGY,2011,147.98
Egypt,EGY,2012,162.44
Egypt,EGY,2013,164.68
Egypt,EGY,2014,170.56
Egypt,EGY,2015,181.14
Egypt,EGY,2016,187.92
Egypt,EGY,2017,192.87
Egypt,EGY,2018,198.82
Egypt,EGY,2019,199.78
Egypt,EGY,2020,197.18
Egypt,EGY,2021,208.19
Egypt,EGY,2022,215.15
Egypt,EGY,2023,220.53
Egypt,EGY,2024,235.99
Egypt,EGY,2025,244.31
El Salvador,SLV,2000,4.35
El Salvador,SLV,2001,4.41
El Salvador,SLV,2002,4.78
El Salvador,SLV,2003,4.99
El Salvador,SLV,2004,5.21
El Salvador,SLV,2005,5.38
El Salvador,SLV,2006,5.7
El Salvador,SLV,2007,5.96
El Salvador,SLV,2008,6.09
El Salvador,SLV,2009,5.98
El Salvador,SLV,2010,6.14
El Salvador,SLV,2011,6.28
El Salvador,SLV,2012,6.39
El Salvador,SLV,2013,6.51
El Salvador,SLV,2014,6.68
El Salvador,SLV,2015,6.97
El Salvador,SLV,2016,7.15
El Salvador,SLV,2017,7.14
El Salvador,SLV,2018,7.2
El Salvador,SLV,2019,7.46
El Salvador,SLV,2020,7.07
El Salvador,SLV,2021,8.37
El Salvador,SLV,2022,7.25
El Salvador,SLV,2023,5.59
El Salvador,SLV,2024,6.2
El Salvador,SLV,2025,6.27
Equatorial Guinea,GNQ,2000,0.05
Equatorial Guinea,GNQ,2001,0.06
Equatorial Guinea,GNQ,2002,0.07
Equatorial Guinea,GNQ,2003,0.07
Equatorial Guinea,GNQ,2004,0.09
Equatorial Guinea,GNQ,2005,0.1
Equatorial Guinea,GNQ,2006,0.11
Equatorial Guinea,GNQ,2007,0.13
Equatorial Guinea,GNQ,2008,0.2
Equatorial Guinea,GNQ,2009,0.22
Equatorial Guinea,GNQ,2010,0.22
Equatorial Guinea,GNQ,2011,0.3
Equatorial Guinea,GNQ,2012,0.54
Equatorial Guinea,GNQ,2013,0.85
Equatorial Guinea,GNQ,2014,1.09
Equatorial Guinea,GNQ,2015,1.3
Equatorial Guinea,GNQ,2016,1.4
Equatorial Guinea,GNQ,2017,1.34
Equatorial Guinea,GNQ,2018,1.35
Equatorial Guinea,GNQ,2019,1.4
Equatorial Guinea,GNQ,2020,1.41
Equatorial Guinea,GNQ,2021,1.43
Equatorial Guinea,GNQ,2022,1.51
Equatorial Guinea,GNQ,2023,1.43
Equatorial Guinea,GNQ,2024,1.49
Eritrea,ERI,2000,0.21
Eritrea,ERI,2001,0.23
Eritrea,ERI,2002,0.26
Eritrea,ERI,2003,0.28
Eritrea,ERI,2004,0.28
Eritrea,ERI,2005,0.29
Eritrea,ERI,2006,0.27
Eritrea,ERI,2007,0.29
Eritrea,ERI,2008,0.28
Eritrea,ERI,2009,0.29
Eritrea,ERI,2010,0.31
Eritrea,ERI,2011,0.32
Eritrea,ERI,2012,0.32
Eritrea,ERI,2013,0.27
Eritrea,ERI,2014,0.27
Eritrea,ERI,2015,0.26
Eritrea,ERI,2016,0.27
Eritrea,ERI,2017,0.34
Eritrea,ERI,2018,0.39
Eritrea,ERI,2019,0.4
Eritrea,ERI,2020,0.41
Eritrea,ERI,2021,0.42
Eritrea,ERI,2022,0.44
Eritrea,ERI,2023,0.49
Eritrea,ERI,2024,0.45
Estonia,EST,1990,10.18
Estonia,EST,1991,9.86
Estonia,EST,1992,8.59
Estonia,EST,1993,7.52
Estonia,EST,1994,7.96
Estonia,EST,1995,7.93
Estonia,EST,1996,8.23
Estonia,EST,1997,8.25
Estonia,EST,1998,8.16
Estonia,EST,1999,7.67
Estonia,EST,2000,7.58
Estonia,EST,2001,7.87
Estonia,EST,2002,7.84
Estonia,EST,2003,8.26
Estonia,EST,2004,8.52
Estonia,EST,2005,8.59
Estonia,EST,2006,8.98
Estonia,EST,2007,9.76
Estonia,EST,2008,9.64
Estonia,EST,2009,8.86
Estonia,EST,2010,9.72
Estonia,EST,2011,9.33
Estonia,EST,2012,9.72
Estonia,EST,2013,9.69
Estonia,EST,2014,9.7
Estonia,EST,2015,9.23
Estonia,EST,2016,10.13
Estonia,EST,2017,10.43
Estonia,EST,2018,10.47
Estonia,EST,2019,9.77
Estonia,EST,2020,9.72
Estonia,EST,2021,9.82
Estonia,EST,2022,9.95
Estonia,EST,2023,9.04
Estonia,EST,2024,9.18
Estonia,EST,2025,9.34
Eswatini,SWZ,2000,1.28
Eswatini,SWZ,2001,1.34
Eswatini,SWZ,2002,1.52
Eswatini,SWZ,2003,1.44
Eswatini,SWZ,2004,1.28
Eswatini,SWZ,2005,1.48
Eswatini,SWZ,2006,1.63
Eswatini,SWZ,2007,1.69
Eswatini,SWZ,2008,1.61
Eswatini,SWZ,2009,1.57
Eswatini,SWZ,2010,1.55
Eswatini,SWZ,2011,1.39
Eswatini,SWZ,2012,1.34
Eswatini,SWZ,2013,1.46
Eswatini,SWZ,2014,1.46
Eswatini,SWZ,2015,1.46
Eswatini,SWZ,2016,1.42
Eswatini,SWZ,2017,1.45
Eswatini,SWZ,2018,1.43
Eswatini,SWZ,2019,1.53
Eswatini,SWZ,2020,1.4
Eswatini,SWZ,2021,1.41
Eswatini,SWZ,2022,1.47
Eswatini,SWZ,2023,1.7
Eswatini,SWZ,2024,1.65
Ethiopia,ETH,2000,1.69
Ethiopia,ETH,2001,2.04
Ethiopia,ETH,2002,2.06
Ethiopia,ETH,2003,2.33
Ethiopia,ETH,2004,2.57
Ethiopia,ETH,2005,2.88
Ethiopia,ETH,2006,3.31
Ethiopia,ETH,2007,3.43
Ethiopia,ETH,2008,3.33
Ethiopia,ETH,2009,3.62
Ethiopia,ETH,2010,5.01
Ethiopia,ETH,2011,6.01
Ethiopia,ETH,2012,7.01
Ethiopia,ETH,2013,8.03
Ethiopia,ETH,2014,8.71
Ethiopia,ETH,2015,9.69
Ethiopia,ETH,2016,11.17
Ethiopia,ETH,2017,11.69
Ethiopia,ETH,2018,13.23
Ethiopia,ETH,2019,14.17
Ethiopia,ETH,2020,13.98
Ethiopia,ETH,2021,14.12
Ethiopia,ETH,2022,15.66
Ethiopia,ETH,2023,15.99
Ethiopia,ETH,2024,23.44
Ethiopia,ETH,2025,31.02
Europe,OWID_EUR,2000,4346.33
Europe,OWID_EUR,2001,4435.2197
Europe,OWID_EUR,2002,4470.57
Europe,OWID_EUR,2003,4571.26
Europe,OWID_EUR,2004,4663.45
Europe,OWID_EUR,2005,4730.84
Europe,OWID_EUR,2006,4812.28
Europe,OWID_EUR,2007,4873.18
Europe,OWID_EUR,2008,4912.86
Europe,OWID_EUR,2009,4674.86
Europe,OWID_EUR,2010,4877.72
Europe,OWID_EUR,2011,4834.77
Europe,OWID_EUR,2012,4860
Europe,OWID_EUR,2013,4822.73
Europe,OWID_EUR,2014,4737.89
Europe,OWID_EUR,2015,4775.48
Europe,OWID_EUR,2016,4822.76
Europe,OWID_EUR,2017,4842.86
Europe,OWID_EUR,2018,4866.4897
Europe,OWID_EUR,2019,4817.93
Europe,OWID_EUR,2020,4654.82
Europe,OWID_EUR,2021,4862.03
Europe,OWID_EUR,2022,4713.65
Europe,OWID_EUR,2023,4535.36
Europe,OWID_EUR,2024,4623.69
Europe,OWID_EUR,2025,4598.53
Europe (Ember),,2000,4478.25
Europe (Ember),,2001,4559.11
Europe (Ember),,2002,4597.14
Europe (Ember),,2003,4708.89
Europe (Ember),,2004,4811.68
Europe (Ember),,2005,4893.97
Europe (Ember),,2006,4991.64
Europe (Ember),,2007,5067.6
Europe (Ember),,2008,5115.31
Europe (Ember),,2009,4870.91
Europe (Ember),,2010,5091.39
Europe (Ember),,2011,5072.41
Europe (Ember),,2012,5113.43
Europe (Ember),,2013,5071.88
Europe (Ember),,2014,4999.51
Europe (Ember),,2015,5045.2
Europe (Ember),,2016,5106.62
Europe (Ember),,2017,5144.41
Europe (Ember),,2018,5168.05
Europe (Ember),,2019,5119.81
Europe (Ember),,2020,4960.36
Europe (Ember),,2021,5193.48
Europe (Ember),,2022,5045.61
Europe (Ember),,2023,4979.97
Europe (Ember),,2024,5093.6
Europe (Ember),,2025,5101.69
European Union (27),OWID_EU27,1990,2283.6301
European Union (27),OWID_EU27,1991,2298.61
European Union (27),OWID_EU27,1992,2284.54
European Union (27),OWID_EU27,1993,2284.9202
European Union (27),OWID_EU27,1994,2317.3801
European Union (27),OWID_EU27,1995,2387.26
European Union (27),OWID_EU27,1996,2448.3901
European Union (27),OWID_EU27,1997,2469.63
European Union (27),OWID_EU27,1998,2517.53
European Union (27),OWID_EU27,1999,2552.82
European Union (27),OWID_EU27,2000,2631.02
European Union (27),OWID_EU27,2001,2695.57
European Union (27),OWID_EU27,2002,2729.24
European Union (27),OWID_EU27,2003,2797.84
European Union (27),OWID_EU27,2004,2855.74
European Union (27),OWID_EU27,2005,2891.72
European Union (27),OWID_EU27,2006,2932.77
European Union (27),OWID_EU27,2007,2958.35
European Union (27),OWID_EU27,2008,2971.81
European Union (27),OWID_EU27,2009,2825.63
European Union (27),OWID_EU27,2010,2950.46
European Union (27),OWID_EU27,2011,2909.64
European Union (27),OWID_EU27,2012,2910.22
European Union (27),OWID_EU27,2013,2881.88
European Union (27),OWID_EU27,2014,2818.88
European Union (27),OWID_EU27,2015,2863.72
European Union (27),OWID_EU27,2016,2892.05
European Union (27),OWID_EU27,2017,2918.43
European Union (27),OWID_EU27,2018,2917.46
European Union (27),OWID_EU27,2019,2877.43
European Union (27),OWID_EU27,2020,2767.06
European Union (27),OWID_EU27,2021,2882.27
European Union (27),OWID_EU27,2022,2790.43
European Union (27),OWID_EU27,2023,2709.73
European Union (27),OWID_EU27,2024,2760.9
European Union (27),OWID_EU27,2025,2774.6401
Falkland Islands,FLK,2000,0.01
Falkland Islands,FLK,2001,0.01
Falkland Islands,FLK,2002,0.01
Falkland Islands,FLK,2003,0.01
Falkland Islands,FLK,2004,0.01
Falkland Islands,FLK,2005,0.01
Falkland Islands,FLK,2006,0.02
Falkland Islands,FLK,2007,0.02
Falkland Islands,FLK,2008,0.01
Falkland Islands,FLK,2009,0.01
Falkland Islands,FLK,2010,0.01
Falkland Islands,FLK,2011,0.02
Falkland Islands,FLK,2012,0.02
Falkland Islands,FLK,2013,0.02
Falkland Islands,FLK,2014,0.02
Falkland Islands,FLK,2015,0.02
Falkland Islands,FLK,2016,0.02
Falkland Islands,FLK,2017,0.01
Falkland Islands,FLK,2018,0.01
Falkland Islands,FLK,2019,0.01
Falkland Islands,FLK,2020,0.01
Falkland Islands,FLK,2021,0.01
Falkland Islands,FLK,2022,0.01
Falkland Islands,FLK,2023,0.01
Faroe Islands,FRO,2000,0.22
Faroe Islands,FRO,2001,0.24
Faroe Islands,FRO,2002,0.24
Faroe Islands,FRO,2003,0.24
Faroe Islands,FRO,2004,0.25
Faroe Islands,FRO,2005,0.25
Faroe Islands,FRO,2006,0.25
Faroe Islands,FRO,2007,0.27
Faroe Islands,FRO,2008,0.27
Faroe Islands,FRO,2009,0.27
Faroe Islands,FRO,2010,0.28
Faroe Islands,FRO,2011,0.27
Faroe Islands,FRO,2012,0.29
Faroe Islands,FRO,2013,0.29
Faroe Islands,FRO,2014,0.31
Faroe Islands,FRO,2015,0.32
Faroe Islands,FRO,2016,0.31
Faroe Islands,FRO,2017,0.33
Faroe Islands,FRO,2018,0.35
Faroe Islands,FRO,2019,0.38
Faroe Islands,FRO,2020,0.41
Faroe Islands,FRO,2021,0.43
Faroe Islands,FRO,2022,0.48
Faroe Islands,FRO,2023,0.49
Fiji,FJI,2000,0.75
Fiji,FJI,2001,0.79
Fiji,FJI,2002,0.83
Fiji,FJI,2003,0.87
Fiji,FJI,2004,0.88
Fiji,FJI,2005,0.89
Fiji,FJI,2006,0.9
Fiji,FJI,2007,0.89
Fiji,FJI,2008,0.84
Fiji,FJI,2009,0.83
Fiji,FJI,2010,0.88
Fiji,FJI,2011,0.85
Fiji,FJI,2012,0.86
Fiji,FJI,2013,0.88
Fiji,FJI,2014,0.91
Fiji,FJI,2015,0.93
Fiji,FJI,2016,0.95
Fiji,FJI,2017,1.02
Fiji,FJI,2018,1.1
Fiji,FJI,2019,1.14
Fiji,FJI,2020,1.08
Fiji,FJI,2021,1.06
Fiji,FJI,2022,1.07
Fiji,FJI,2023,1.15
Fiji,FJI,2024,1.15
Finland,FIN,1990,65
Finland,FIN,1991,65.25
Finland,FIN,1992,66.09
Finland,FIN,1993,68.64
Finland,FIN,1994,72.16
Finland,FIN,1995,72.41
Finland,FIN,1996,72.97
Finland,FIN,1997,76.76
Finland,FIN,1998,79.42
Finland,FIN,1999,80.54
Finland,FIN,2000,81.85
Finland,FIN,2001,84.41
Finland,FIN,2002,86.84
Finland,FIN,2003,89.13
Finland,FIN,2004,90.71
Finland,FIN,2005,87.57
Finland,FIN,2006,93.69
Finland,FIN,2007,93.73
Finland,FIN,2008,90.12
Finland,FIN,2009,84.15
Finland,FIN,2010,91.14
Finland,FIN,2011,87.35
Finland,FIN,2012,87.85
Finland,FIN,2013,86.97
Finland,FIN,2014,86.07
Finland,FIN,2015,84.95
Finland,FIN,2016,87.7
Finland,FIN,2017,87.95
Finland,FIN,2018,90.17
Finland,FIN,2019,88.65
Finland,FIN,2020,84.34
Finland,FIN,2021,89.88
Finland,FIN,2022,84.69
Finland,FIN,2023,83.24
Finland,FIN,2024,85.73
Finland,FIN,2025,87.78
France,FRA,1990,370.6
France,FRA,1991,397.45
France,FRA,1992,404.74
France,FRA,1993,406.64
France,FRA,1994,409.67
France,FRA,1995,419.57
France,FRA,1996,438.98
France,FRA,1997,433.91
France,FRA,1998,448.37
France,FRA,1999,456.4
France,FRA,2000,463.08
France,FRA,2001,474.21
France,FRA,2002,474.21
France,FRA,2003,492.72
France,FRA,2004,504.39
France,FRA,2005,508.81
France,FRA,2006,503.96
France,FRA,2007,505.03
France,FRA,2008,518.99
France,FRA,2009,502.94
France,FRA,2010,531.65
France,FRA,2011,511.24
France,FRA,2012,523.06
France,FRA,2013,528.29
France,FRA,2014,499.12
France,FRA,2015,510.08
France,FRA,2016,517.34
France,FRA,2017,515.61
France,FRA,2018,513.27
France,FRA,2019,507.85
France,FRA,2020,482.21
France,FRA,2021,505.42
France,FRA,2022,483.39
France,FRA,2023,468.28
France,FRA,2024,471.8
France,FRA,2025,476.66
French Guiana,GUF,2000,0.46
French Guiana,GUF,2001,0.6
French Guiana,GUF,2002,0.63
French Guiana,GUF,2003,0.67
French Guiana,GUF,2004,0.67
French Guiana,GUF,2005,0.71
French Guiana,GUF,2006,0.73
French Guiana,GUF,2007,0.73
French Guiana,GUF,2008,0.75
French Guiana,GUF,2009,0.78
French Guiana,GUF,2010,0.83
French Guiana,GUF,2011,0.83
French Guiana,GUF,2012,0.89
French Guiana,GUF,2013,0.89
French Guiana,GUF,2014,0.92
French Guiana,GUF,2015,0.93
French Guiana,GUF,2016,0.91
French Guiana,GUF,2017,0.92
French Guiana,GUF,2018,0.93
French Guiana,GUF,2019,0.95
French Guiana,GUF,2020,0.95
French Guiana,GUF,2021,0.97
French Guiana,GUF,2022,0.95
French Guiana,GUF,2023,0.98
French Polynesia,PYF,2000,0.41
French Polynesia,PYF,2001,0.42
French Polynesia,PYF,2002,0.46
French Polynesia,PYF,2003,0.47
French Polynesia,PYF,2004,0.54
French Polynesia,PYF,2005,0.51
French Polynesia,PYF,2006,0.53
French Polynesia,PYF,2007,0.55
French Polynesia,PYF,2008,0.57
French Polynesia,PYF,2009,0.58
French Polynesia,PYF,2010,0.79
French Polynesia,PYF,2011,0.74
French Polynesia,PYF,2012,0.72
French Polynesia,PYF,2013,0.68
French Polynesia,PYF,2014,0.68
French Polynesia,PYF,2015,0.68
French Polynesia,PYF,2016,0.68
French Polynesia,PYF,2017,0.69
French Polynesia,PYF,2018,0.68
French Polynesia,PYF,2019,0.69
French Polynesia,PYF,2020,0.66
French Polynesia,PYF,2021,0.66
French Polynesia,PYF,2022,0.71
French Polynesia,PYF,2023,0.71
French Polynesia,PYF,2024,0.72
G20 (Ember),,2000,13030.16
G20 (Ember),,2001,13187.94
G20 (Ember),,2002,13629.91
G20 (Ember),,2003,14125.77
G20 (Ember),,2004,14779.59
G20 (Ember),,2005,15357.69
G20 (Ember),,2006,15946.05
G20 (Ember),,2007,16696.26
G20 (Ember),,2008,16998.38
G20 (Ember),,2009,16822.33
G20 (Ember),,2010,17946.65
G20 (Ember),,2011,18578.93
G20 (Ember),,2012,18951.38
G20 (Ember),,2013,19483.09
G20 (Ember),,2014,19983.93
G20 (Ember),,2015,20121.65
G20 (Ember),,2016,20676.08
G20 (Ember),,2017,21330.37
G20 (Ember),,2018,22203.05
G20 (Ember),,2019,22483.11
G20 (Ember),,2020,22358.26
G20 (Ember),,2021,23682.63
G20 (Ember),,2022,24275.41
G20 (Ember),,2023,24889.29
G20 (Ember),,2024,26009.64
G20 (Ember),,2025,26769.54
G7 (Ember),,2000,7254.1
G7 (Ember),,2001,7176.68
G7 (Ember),,2002,7346.86
G7 (Ember),,2003,7395.44
G7 (Ember),,2004,7535.17
G7 (Ember),,2005,7684.02
G7 (Ember),,2006,7720.1
G7 (Ember),,2007,7852.79
G7 (Ember),,2008,7826.14
G7 (Ember),,2009,7447.66
G7 (Ember),,2010,7742.27
G7 (Ember),,2011,7670.33
G7 (Ember),,2012,7630.6
G7 (Ember),,2013,7649.8
G7 (Ember),,2014,7611.37
G7 (Ember),,2015,7607.07
G7 (Ember),,2016,7643.88
G7 (Ember),,2017,7629.03
G7 (Ember),,2018,7774.02
G7 (Ember),,2019,7644.27
G7 (Ember),,2020,7391.21
G7 (Ember),,2021,7563.22
G7 (Ember),,2022,7631.62
G7 (Ember),,2023,7481.58
G7 (Ember),,2024,7653.69
G7 (Ember),,2025,7829.55
Gabon,GAB,2000,1.31
Gabon,GAB,2001,1.4
Gabon,GAB,2002,1.47
Gabon,GAB,2003,1.53
Gabon,GAB,2004,1.53
Gabon,GAB,2005,1.57
Gabon,GAB,2006,1.66
Gabon,GAB,2007,1.73
Gabon,GAB,2008,1.81
Gabon,GAB,2009,1.83
Gabon,GAB,2010,1.93
Gabon,GAB,2011,2.03
Gabon,GAB,2012,2.16
Gabon,GAB,2013,2.27
Gabon,GAB,2014,2.38
Gabon,GAB,2015,2.46
Gabon,GAB,2016,2.54
Gabon,GAB,2017,2.7
Gabon,GAB,2018,3.29
Gabon,GAB,2019,3.37
Gabon,GAB,2020,3.47
Gabon,GAB,2021,3.49
Gabon,GAB,2022,3.73
Gabon,GAB,2023,3.17
Gabon,GAB,2024,3.18
Gambia,GMB,2000,0.13
Gambia,GMB,2001,0.15
Gambia,GMB,2002,0.15
Gambia,GMB,2003,0.17
Gambia,GMB,2004,0.19
Gambia,GMB,2005,0.2
Gambia,GMB,2006,0.22
Gambia,GMB,2007,0.23
Gambia,GMB,2008,0.24
Gambia,GMB,2009,0.24
Gambia,GMB,2010,0.25
Gambia,GMB,2011,0.25
Gambia,GMB,2012,0.25
Gambia,GMB,2013,0.25
Gambia,GMB,2014,0.25
Gambia,GMB,2015,0.28
Gambia,GMB,2016,0.3
Gambia,GMB,2017,0.31
Gambia,GMB,2018,0.39
Gambia,GMB,2019,0.46
Gambia,GMB,2020,0.48
Gambia,GMB,2021,0.5
Gambia,GMB,2022,0.51
Gambia,GMB,2023,0.51
Gambia,GMB,2024,0.51
Georgia,GEO,2000,7.61
Georgia,GEO,2001,7.15
Georgia,GEO,2002,7.64
Georgia,GEO,2003,8.01
Georgia,GEO,2004,8.14
Georgia,GEO,2005,8.55
Georgia,GEO,2006,8.09
Georgia,GEO,2007,8.3
Georgia,GEO,2008,8.26
Georgia,GEO,2009,7.84
Georgia,GEO,2010,8.69
Georgia,GEO,2011,9.57
Georgia,GEO,2012,9.71
Georgia,GEO,2013,10.01
Georgia,GEO,2014,10.54
Georgia,GEO,2015,10.79
Georgia,GEO,2016,11.41
Georgia,GEO,2017,12.25
Georgia,GEO,2018,12.96
Georgia,GEO,2019,13.24
Georgia,GEO,2020,12.62
Georgia,GEO,2021,14.26
Georgia,GEO,2022,14.81
Georgia,GEO,2023,13.75
Georgia,GEO,2024,14.11
Georgia,GEO,2025,14.7
Germany,DEU,1990,543.19
Germany,DEU,1991,535.45
Germany,DEU,1992,528.45
Germany,DEU,1993,521.59
Germany,DEU,1994,523.39
Germany,DEU,1995,535.54
Germany,DEU,1996,542.96
Germany,DEU,1997,544.02
Germany,DEU,1998,548.62
Germany,DEU,1999,550.31
Germany,DEU,2000,572.01
Germany,DEU,2001,582.6
Germany,DEU,2002,593.76
Germany,DEU,2003,598.76
Germany,DEU,2004,606.98
Germany,DEU,2005,608.77
Germany,DEU,2006,613.22
Germany,DEU,2007,614.54
Germany,DEU,2008,612.19
Germany,DEU,2009,575.69
Germany,DEU,2010,609.26
Germany,DEU,2011,601.23
Germany,DEU,2012,599.27
Germany,DEU,2013,597.5
Germany,DEU,2014,584.87
Germany,DEU,2015,590.89
Germany,DEU,2016,591
Germany,DEU,2017,592
Germany,DEU,2018,583.54
Germany,DEU,2019,567.42
Germany,DEU,2020,547.72
Germany,DEU,2021,560.25
Germany,DEU,2022,539.62
Germany,DEU,2023,515.94
Germany,DEU,2024,522.26
Germany,DEU,2025,520.27
Ghana,GHA,2000,7.38
Ghana,GHA,2001,7.96
Ghana,GHA,2002,7.7
Ghana,GHA,2003,6.22
Ghana,GHA,2004,6.21
Ghana,GHA,2005,6.92
Ghana,GHA,2006,8.26
Ghana,GHA,2007,7.15
Ghana,GHA,2008,8.06
Ghana,GHA,2009,8.39
Ghana,GHA,2010,9.19
Ghana,GHA,2011,10.7
Ghana,GHA,2012,11.61
Ghana,GHA,2013,12.49
Ghana,GHA,2014,12.61
Ghana,GHA,2015,11.28
Ghana,GHA,2016,13.73
Ghana,GHA,2017,13.35
Ghana,GHA,2018,14.31
Ghana,GHA,2019,16
Ghana,GHA,2020,17.99
Ghana,GHA,2021,20.39
Ghana,GHA,2022,21.05
Ghana,GHA,2023,21.85
Ghana,GHA,2024,21.83
Gibraltar,GIB,2000,0.13
Gibraltar,GIB,2001,0.13
Gibraltar,GIB,2002,0.13
Gibraltar,GIB,2003,0.13
Gibraltar,GIB,2004,0.14
Gibraltar,GIB,2005,0.14
Gibraltar,GIB,2006,0.15
Gibraltar,GIB,2007,0.16
Gibraltar,GIB,2008,0.17
Gibraltar,GIB,2009,0.17
Gibraltar,GIB,2010,0.18
Gibraltar,GIB,2011,0.17
Gibraltar,GIB,2012,0.18
Gibraltar,GIB,2013,0.19
Gibraltar,GIB,2014,0.2
Gibraltar,GIB,2015,0.22
Gibraltar,GIB,2016,0.21
Gibraltar,GIB,2017,0.21
Gibraltar,GIB,2018,0.22
Gibraltar,GIB,2019,0.22
Gibraltar,GIB,2020,0.21
Gibraltar,GIB,2021,0.23
Gibraltar,GIB,2022,0.21
Gibraltar,GIB,2023,0.23
Gibraltar,GIB,2024,0.22
Greece,GRC,1990,34.91
Greece,GRC,1991,35.83
Greece,GRC,1992,37.37
Greece,GRC,1993,38.54
Greece,GRC,1994,40.4
Greece,GRC,1995,41.74
Greece,GRC,1996,43.52
Greece,GRC,1997,45.1
Greece,GRC,1998,47.31
Greece,GRC,1999,49.05
Greece,GRC,2000,52.93
Greece,GRC,2001,55.04
Greece,GRC,2002,56.26
Greece,GRC,2003,59.37
Greece,GRC,2004,61.04
Greece,GRC,2005,62.51
Greece,GRC,2006,63.61
Greece,GRC,2007,66.76
Greece,GRC,2008,67.79
Greece,GRC,2009,64.71
Greece,GRC,2010,62.32
Greece,GRC,2011,61.68
Greece,GRC,2012,61.69
Greece,GRC,2013,58.26
Greece,GRC,2014,58.44
Greece,GRC,2015,60.66
Greece,GRC,2016,62.64
Greece,GRC,2017,61.04
Greece,GRC,2018,58.89
Greece,GRC,2019,57.89
Greece,GRC,2020,56.37
Greece,GRC,2021,57.92
Greece,GRC,2022,55.12
Greece,GRC,2023,53.84
Greece,GRC,2024,56.77
Greece,GRC,2025,55.56
Greenland,GRL,2000,0.29
Greenland,GRL,2001,0.28
Greenland,GRL,2002,0.31
Greenland,GRL,2003,0.31
Greenland,GRL,2004,0.33
Greenland,GRL,2005,0.34
Greenland,GRL,2006,0.35
Greenland,GRL,2007,0.36
Greenland,GRL,2008,0.37
Greenland,GRL,2009,0.41
Greenland,GRL,2010,0.41
Greenland,GRL,2011,0.45
Greenland,GRL,2012,0.45
Greenland,GRL,2013,0.46
Greenland,GRL,2014,0.48
Greenland,GRL,2015,0.51
Greenland,GRL,2016,0.48
Greenland,GRL,2017,0.5
Greenland,GRL,2018,0.52
Greenland,GRL,2019,0.49
Greenland,GRL,2020,0.52
Greenland,GRL,2021,0.51
Greenland,GRL,2022,0.54
Greenland,GRL,2023,0.61
Greenland,GRL,2024,0.6
Grenada,GRD,2000,0.13
Grenada,GRD,2001,0.14
Grenada,GRD,2002,0.15
Grenada,GRD,2003,0.16
Grenada,GRD,2004,0.14
Grenada,GRD,2005,0.15
Grenada,GRD,2006,0.17
Grenada,GRD,2007,0.18
Grenada,GRD,2008,0.19
Grenada,GRD,2009,0.2
Grenada,GRD,2010,0.21
Grenada,GRD,2011,0.2
Grenada,GRD,2012,0.2
Grenada,GRD,2013,0.2
Grenada,GRD,2014,0.2
Grenada,GRD,2015,0.21
Grenada,GRD,2016,0.22
Grenada,GRD,2017,0.23
Grenada,GRD,2018,0.23
Grenada,GRD,2019,0.24
Grenada,GRD,2020,0.22
Grenada,GRD,2021,0.23
Grenada,GRD,2022,0.24
Grenada,GRD,2023,0.24
Grenada,GRD,2024,0.24
Guadeloupe,GLP,2000,1.22
Guadeloupe,GLP,2001,1.29
Guadeloupe,GLP,2002,1.33
Guadeloupe,GLP,2003,1.38
Guadeloupe,GLP,2004,1.43
Guadeloupe,GLP,2005,1.5
Guadeloupe,GLP,2006,1.53
Guadeloupe,GLP,2007,1.6
Guadeloupe,GLP,2008,1.61
Guadeloupe,GLP,2009,1.63
Guadeloupe,GLP,2010,1.73
Guadeloupe,GLP,2011,1.68
Guadeloupe,GLP,2012,1.72
Guadeloupe,GLP,2013,1.74
Guadeloupe,GLP,2014,1.74
Guadeloupe,GLP,2015,1.76
Guadeloupe,GLP,2016,1.77
Guadeloupe,GLP,2017,1.76
Guadeloupe,GLP,2018,1.71
Guadeloupe,GLP,2019,1.72
Guadeloupe,GLP,2020,1.7
Guadeloupe,GLP,2021,1.66
Guadeloupe,GLP,2022,1.64
Guadeloupe,GLP,2023,1.67
Guam,GUM,2000,1.94
Guam,GUM,2001,1.95
Guam,GUM,2002,1.72
Guam,GUM,2003,1.78
Guam,GUM,2004,1.88
Guam,GUM,2005,1.9
Guam,GUM,2006,1.89
Guam,GUM,2007,1.88
Guam,GUM,2008,1.88
Guam,GUM,2009,1.87
Guam,GUM,2010,1.87
Guam,GUM,2011,1.84
Guam,GUM,2012,1.78
Guam,GUM,2013,1.74
Guam,GUM,2014,1.7
Guam,GUM,2015,1.71
Guam,GUM,2016,1.74
Guam,GUM,2017,1.77
Guam,GUM,2018,1.73
Guam,GUM,2019,1.75
Guam,GUM,2020,1.71
Guam,GUM,2021,1.74
Guam,GUM,2022,1.8
Guam,GUM,2023,1.8
Guam,GUM,2024,1.86
Guatemala,GTM,2000,5.76
Guatemala,GTM,2001,6.42
Guatemala,GTM,2002,6.28
Guatemala,GTM,2003,6.51
Guatemala,GTM,2004,6
Guatemala,GTM,2005,6.64
Guatemala,GTM,2006,7.79
Guatemala,GTM,2007,8.6
Guatemala,GTM,2008,8.61
Guatemala,GTM,2009,8.85
Guatemala,GTM,2010,9.06
Guatemala,GTM,2011,9.09
Guatemala,GTM,2012,9.39
Guatemala,GTM,2013,9.8
Guatemala,GTM,2014,10.14
Guatemala,GTM,2015,10.67
Guatemala,GTM,2016,11.27
Guatemala,GTM,2017,11.37
Guatemala,GTM,2018,11.58
Guatemala,GTM,2019,11.65
Guatemala,GTM,2020,12.35
Guatemala,GTM,2021,15.5
Guatemala,GTM,2022,13.86
Guatemala,GTM,2023,15.79
Guatemala,GTM,2024,16.35
Guinea,GIN,2000,0.81
Guinea,GIN,2001,0.96
Guinea,GIN,2002,1.01
Guinea,GIN,2003,0.86
Guinea,GIN,2004,0.9
Guinea,GIN,2005,0.79
Guinea,GIN,2006,0.73
Guinea,GIN,2007,0.78
Guinea,GIN,2008,0.81
Guinea,GIN,2009,0.8
Guinea,GIN,2010,0.63
Guinea,GIN,2011,0.55
Guinea,GIN,2012,0.73
Guinea,GIN,2013,0.65
Guinea,GIN,2014,0.71
Guinea,GIN,2015,1.14
Guinea,GIN,2016,1.61
Guinea,GIN,2017,1.77
Guinea,GIN,2018,1.94
Guinea,GIN,2019,2.05
Guinea,GIN,2020,2.48
Guinea,GIN,2021,3.64
Guinea,GIN,2022,4
Guinea,GIN,2023,4
Guinea,GIN,2024,4.03
Guinea-Bissau,GNB,2000,0.03
Guinea-Bissau,GNB,2001,0.02
Guinea-Bissau,GNB,2002,0.02
Guinea-Bissau,GNB,2003,0.02
Guinea-Bissau,GNB,2004,0.03
Guinea-Bissau,GNB,2005,0.03
Guinea-Bissau,GNB,2006,0.03
Guinea-Bissau,GNB,2007,0.03
Guinea-Bissau,GNB,2008,0.03
Guinea-Bissau,GNB,2009,0.03
Guinea-Bissau,GNB,2010,0.03
Guinea-Bissau,GNB,2011,0.03
Guinea-Bissau,GNB,2012,0.03
Guinea-Bissau,GNB,2013,0.02
Guinea-Bissau,GNB,2014,0.03
Guinea-Bissau,GNB,2015,0.06
Guinea-Bissau,GNB,2016,0.08
Guinea-Bissau,GNB,2017,0.08
Guinea-Bissau,GNB,2018,0.08
Guinea-Bissau,GNB,2019,0.08
Guinea-Bissau,GNB,2020,0.08
Guinea-Bissau,GNB,2021,0.08
Guinea-Bissau,GNB,2022,0.08
Guinea-Bissau,GNB,2023,0.08
Guinea-Bissau,GNB,2024,0.08
Guyana,GUY,2000,0.9
Guyana,GUY,2001,0.92
Guyana,GUY,2002,0.92
Guyana,GUY,2003,0.82
Guyana,GUY,2004,0.86
Guyana,GUY,2005,0.65
Guyana,GUY,2006,0.66
Guyana,GUY,2007,0.7
Guyana,GUY,2008,0.71
Guyana,GUY,2009,0.83
Guyana,GUY,2010,0.9
Guyana,GUY,2011,0.95
Guyana,GUY,2012,0.96
Guyana,GUY,2013,0.98
Guyana,GUY,2014,1
Guyana,GUY,2015,1.01
Guyana,GUY,2016,1.1
Guyana,GUY,2017,1.12
Guyana,GUY,2018,1.14
Guyana,GUY,2019,1.15
Guyana,GUY,2020,1.14
Guyana,GUY,2021,1.14
Guyana,GUY,2022,1.28
Guyana,GUY,2023,1.38
Guyana,GUY,2024,1.38
Haiti,HTI,2000,0.54
Haiti,HTI,2001,0.59
Haiti,HTI,2002,0.55
Haiti,HTI,2003,0.53
Haiti,HTI,2004,0.55
Haiti,HTI,2005,0.55
Haiti,HTI,2006,0.57
Haiti,HTI,2007,0.46
Haiti,HTI,2008,0.49
Haiti,HTI,2009,0.71
Haiti,HTI,2010,0.68
Haiti,HTI,2011,0.99
Haiti,HTI,2012,1.1
Haiti,HTI,2013,1.05
Haiti,HTI,2014,1.03
Haiti,HTI,2015,1.03
Haiti,HTI,2016,1.08
Haiti,HTI,2017,1.06
Haiti,HTI,2018,1.04
Haiti,HTI,2019,1.06
Haiti,HTI,2020,1.02
Haiti,HTI,2021,1.03
Haiti,HTI,2022,1.01
Haiti,HTI,2023,0.85
Haiti,HTI,2024,0.86
High-income countries,OWID_HIC,2000,10772.2705
High-income countries,OWID_HIC,2001,10802.7705
High-income countries,OWID_HIC,2002,11041.7295
High-income countries,OWID_HIC,2003,11195.71
High-income countries,OWID_HIC,2004,11463.27
High-income countries,OWID_HIC,2005,11737.86
High-income countries,OWID_HIC,2006,11872.6
High-income countries,OWID_HIC,2007,12144.88
High-income countries,OWID_HIC,2008,12176.19
High-income countries,OWID_HIC,2009,11731.73
High-income countries,OWID_HIC,2010,12246.54
High-income countries,OWID_HIC,2011,12214.05
High-income countries,OWID_HIC,2012,12252.67
High-income countries,OWID_HIC,2013,12263.03
High-income countries,OWID_HIC,2014,12267.88
High-income countries,OWID_HIC,2015,12348.09
High-income countries,OWID_HIC,2016,12481.37
High-income countries,OWID_HIC,2017,12548.75
High-income countries,OWID_HIC,2018,12739.8
High-income countries,OWID_HIC,2019,12627.06
High-income countries,OWID_HIC,2020,12305.46
High-income countries,OWID_HIC,2021,12720.61
High-income countries,OWID_HIC,2022,12831.84
High-income countries,OWID_HIC,2023,12705.28
High-income countries,OWID_HIC,2024,13013.13
Honduras,HND,2000,3.92
Honduras,HND,2001,4.22
Honduras,HND,2002,4.56
Honduras,HND,2003,5.01
Honduras,HND,2004,5.54
Honduras,HND,2005,5.58
Honduras,HND,2006,5.98
Honduras,HND,2007,6.3
Honduras,HND,2008,6.47
Honduras,HND,2009,6.81
Honduras,HND,2010,7.21
Honduras,HND,2011,7.51
Honduras,HND,2012,7.92
Honduras,HND,2013,8.32
Honduras,HND,2014,8.62
Honduras,HND,2015,9.16
Honduras,HND,2016,9.6
Honduras,HND,2017,9.8
Honduras,HND,2018,10.07
Honduras,HND,2019,10.91
Honduras,HND,2020,10.42
Honduras,HND,2021,11.32
Honduras,HND,2022,11.52
Honduras,HND,2023,12.63
Honduras,HND,2024,12.63
Hong Kong,HKG,2000,40.28
Hong Kong,HKG,2001,41.13
Hong Kong,HKG,2002,42.24
Hong Kong,HKG,2003,42.82
Hong Kong,HKG,2004,43.8
Hong Kong,HKG,2005,44.88
Hong Kong,HKG,2006,44.91
Hong Kong,HKG,2007,45.8
Hong Kong,HKG,2008,45.68
Hong Kong,HKG,2009,46.48
Hong Kong,HKG,2010,46.67
Hong Kong,HKG,2011,47.35
Hong Kong,HKG,2012,48.5
Hong Kong,HKG,2013,48.07
Hong Kong,HKG,2014,48.8
Hong Kong,HKG,2015,48.42
Hong Kong,HKG,2016,48.54
Hong Kong,HKG,2017,48.17
Hong Kong,HKG,2018,48.61
Hong Kong,HKG,2019,49.32
Hong Kong,HKG,2020,47.05
Hong Kong,HKG,2021,48.78
Hong Kong,HKG,2022,48.45
Hong Kong,HKG,2023,49.34
Hong Kong,HKG,2024,48.81
Hungary,HUN,1990,39.59
Hungary,HUN,1991,37.31
Hungary,HUN,1992,35.15
Hungary,HUN,1993,35.38
Hungary,HUN,1994,35.55
Hungary,HUN,1995,36.43
Hungary,HUN,1996,37.29
Hungary,HUN,1997,37.55
Hungary,HUN,1998,37.94
Hungary,HUN,1999,38.89
Hungary,HUN,2000,38.63
Hungary,HUN,2001,39.59
Hungary,HUN,2002,40.41
Hungary,HUN,2003,41.07
Hungary,HUN,2004,41.18
Hungary,HUN,2005,41.98
Hungary,HUN,2006,43.06
Hungary,HUN,2007,43.95
Hungary,HUN,2008,43.92
Hungary,HUN,2009,41.42
Hungary,HUN,2010,42.56
Hungary,HUN,2011,42.66
Hungary,HUN,2012,42.59
Hungary,HUN,2013,42.15
Hungary,HUN,2014,42.78
Hungary,HUN,2015,44.02
Hungary,HUN,2016,44.59
Hungary,HUN,2017,45.8
Hungary,HUN,2018,46.4
Hungary,HUN,2019,46.86
Hungary,HUN,2020,46.6
Hungary,HUN,2021,48.85
Hungary,HUN,2022,47.93
Hungary,HUN,2023,46.64
Hungary,HUN,2024,48.73
Hungary,HUN,2025,48.9
Iceland,ISL,2000,7.61
Iceland,ISL,2001,7.96
Iceland,ISL,2002,8.35
Iceland,ISL,2003,8.44
Iceland,ISL,2004,8.54
Iceland,ISL,2005,8.61
Iceland,ISL,2006,9.85
Iceland,ISL,2007,11.89
Iceland,ISL,2008,16.34
Iceland,ISL,2009,16.71
Iceland,ISL,2010,16.74
Iceland,ISL,2011,16.85
Iceland,ISL,2012,17.29
Iceland,ISL,2013,17.99
Iceland,ISL,2014,17.8
Iceland,ISL,2015,18.55
Iceland,ISL,2016,18.17
Iceland,ISL,2017,19.07
Iceland,ISL,2018,19.69
Iceland,ISL,2019,19.36
Iceland,ISL,2020,18.89
Iceland,ISL,2021,19.39
Iceland,ISL,2022,19.87
Iceland,ISL,2023,19.81
Iceland,ISL,2024,19.05
India,IND,2000,572.69
India,IND,2001,587.38
India,IND,2002,610.99
India,IND,2003,639.82
India,IND,2004,700.02
India,IND,2005,706.07
India,IND,2006,747.17
India,IND,2007,801.2
India,IND,2008,834.25
India,IND,2009,883.93
India,IND,2010,941.94
India,IND,2011,1037.44
India,IND,2012,1093.06
India,IND,2013,1145.18
India,IND,2014,1259.25
India,IND,2015,1310.65
India,IND,2016,1393.84
India,IND,2017,1460.8
India,IND,2018,1567.81
India,IND,2019,1597.84
India,IND,2020,1563.32
India,IND,2021,1678.69
India,IND,2022,1802.88
India,IND,2023,1916.2
India,IND,2024,2034.22
India,IND,2025,2082.82
Indonesia,IDN,2000,98.04
Indonesia,IDN,2001,106.16
Indonesia,IDN,2002,113.04
Indonesia,IDN,2003,117.39
Indonesia,IDN,2004,124.78
Indonesia,IDN,2005,132.89
Indonesia,IDN,2006,138
Indonesia,IDN,2007,148.4
Indonesia,IDN,2008,155.9
Indonesia,IDN,2009,162.87
Indonesia,IDN,2010,177.56
Indonesia,IDN,2011,191.88
Indonesia,IDN,2012,208.96
Indonesia,IDN,2013,225.18
Indonesia,IDN,2014,237.55
Indonesia,IDN,2015,243.29
Indonesia,IDN,2016,258.24
Indonesia,IDN,2017,266.95
Indonesia,IDN,2018,285.29
Indonesia,IDN,2019,297.12
Indonesia,IDN,2020,293.37
Indonesia,IDN,2021,310.33
Indonesia,IDN,2022,334.34
Indonesia,IDN,2023,351.49
Indonesia,IDN,2024,372.5
Iran,IRN,2000,118.67
Iran,IRN,2001,127.29
Iran,IRN,2002,138.41
Iran,IRN,2003,152.22
Iran,IRN,2004,163.09
Iran,IRN,2005,176.39
Iran,IRN,2006,193.2
Iran,IRN,2007,202.44
Iran,IRN,2008,208.3
Iran,IRN,2009,217.73
Iran,IRN,2010,231.99
Iran,IRN,2011,230.58
Iran,IRN,2012,241.61
Iran,IRN,2013,250.98
Iran,IRN,2014,269.74
Iran,IRN,2015,277.57
Iran,IRN,2016,283.67
Iran,IRN,2017,300.85
Iran,IRN,2018,308.64
Iran,IRN,2019,312.02
Iran,IRN,2020,330.41
Iran,IRN,2021,349.61
Iran,IRN,2022,360.61
Iran,IRN,2023,375.29
Iran,IRN,2024,393.39
Iran,IRN,2025,395.6
Iraq,IRQ,2000,31.9
Iraq,IRQ,2001,32.25
Iraq,IRQ,2002,33.86
Iraq,IRQ,2003,28.33
Iraq,IRQ,2004,33.61
Iraq,IRQ,2005,31.64
Iraq,IRQ,2006,36.52
Iraq,IRQ,2007,35.44
Iraq,IRQ,2008,39.85
Iraq,IRQ,2009,43.44
Iraq,IRQ,2010,55.63
Iraq,IRQ,2011,61.13
Iraq,IRQ,2012,56.19
Iraq,IRQ,2013,68.14
Iraq,IRQ,2014,77.89
Iraq,IRQ,2015,79.81
Iraq,IRQ,2016,90.07
Iraq,IRQ,2017,99.22
Iraq,IRQ,2018,103.09
Iraq,IRQ,2019,121.76
Iraq,IRQ,2020,124.57
Iraq,IRQ,2021,125.56
Iraq,IRQ,2022,137.39
Iraq,IRQ,2023,151.83
Iraq,IRQ,2024,156.83
Ireland,IRL,1990,14.21
Ireland,IRL,1991,14.91
Ireland,IRL,1992,15.76
Ireland,IRL,1993,16.12
Ireland,IRL,1994,16.79
Ireland,IRL,1995,17.55
Ireland,IRL,1996,18.74
Ireland,IRL,1997,19.64
Ireland,IRL,1998,20.93
Ireland,IRL,1999,21.96
Ireland,IRL,2000,23.73
Ireland,IRL,2001,24.34
Ireland,IRL,2002,25.3
Ireland,IRL,2003,26
Ireland,IRL,2004,26.77
Ireland,IRL,2005,27.64
Ireland,IRL,2006,28.88
Ireland,IRL,2007,29.69
Ireland,IRL,2008,30.38
Ireland,IRL,2009,28.74
Ireland,IRL,2010,28.63
Ireland,IRL,2011,27.69
Ireland,IRL,2012,27.57
Ireland,IRL,2013,27.86
Ireland,IRL,2014,28.01
Ireland,IRL,2015,28.83
Ireland,IRL,2016,29.59
Ireland,IRL,2017,30.11
Ireland,IRL,2018,31.01
Ireland,IRL,2019,31.51
Ireland,IRL,2020,32.01
Ireland,IRL,2021,33.33
Ireland,IRL,2022,34.04
Ireland,IRL,2023,34.82
Ireland,IRL,2024,36.14
Ireland,IRL,2025,37.64
Israel,ISR,2000,41.2
Israel,ISR,2001,42.55
Israel,ISR,2002,44.11
Israel,ISR,2003,45.57
Israel,ISR,2004,45.82
Israel,ISR,2005,46.94
Israel,ISR,2006,48.72
Israel,ISR,2007,51.71
Israel,ISR,2008,53.12
Israel,ISR,2009,50.95
Israel,ISR,2010,54.58
Israel,ISR,2011,55.38
Israel,ISR,2012,58.58
Israel,ISR,2013,56.64
Israel,ISR,2014,56.02
Israel,ISR,2015,59.03
Israel,ISR,2016,61.46
Israel,ISR,2017,61.79
Israel,ISR,2018,63.16
Israel,ISR,2019,66.4
Israel,ISR,2020,66.5
Israel,ISR,2021,67.6
Israel,ISR,2022,69.95
Israel,ISR,2023,70.5
Israel,ISR,2024,74
Israel,ISR,2025,75.7
Italy,ITA,1990,247.8
Italy,ITA,1991,253.51
Italy,ITA,1992,257.98
Italy,ITA,1993,259.17
Italy,ITA,1994,266.35
Italy,ITA,1995,274.8
Italy,ITA,1996,276.78
Italy,ITA,1997,285.33
Italy,ITA,1998,294.39
Italy,ITA,1999,301.26
Italy,ITA,2000,314.29
Italy,ITA,2001,320.28
Italy,ITA,2002,328.13
Italy,ITA,2003,337.24
Italy,ITA,2004,339.34
Italy,ITA,2005,343.78
Italy,ITA,2006,350.6
Italy,ITA,2007,352.45
Italy,ITA,2008,351.6
Italy,ITA,2009,331.32
Italy,ITA,2010,340.79
Italy,ITA,2011,344.1
Italy,ITA,2012,338.35
Italy,ITA,2013,328.16
Italy,ITA,2014,320.25
Italy,ITA,2015,326.08
Italy,ITA,2016,322.98
Italy,ITA,2017,329.85
Italy,ITA,2018,329.96
Italy,ITA,2019,328.13
Italy,ITA,2020,309.01
Italy,ITA,2021,328.28
Italy,ITA,2022,323.16
Italy,ITA,2023,312.8
Italy,ITA,2024,318.56
Italy,ITA,2025,311.6
Jamaica,JAM,2000,6.77
Jamaica,JAM,2001,6.79
Jamaica,JAM,2002,6.96
Jamaica,JAM,2003,7.18
Jamaica,JAM,2004,7.25
Jamaica,JAM,2005,7.47
Jamaica,JAM,2006,7.5
Jamaica,JAM,2007,6.06
Jamaica,JAM,2008,4.23
Jamaica,JAM,2009,4.4
Jamaica,JAM,2010,4.32
Jamaica,JAM,2011,4.36
Jamaica,JAM,2012,4.31
Jamaica,JAM,2013,4.29
Jamaica,JAM,2014,4.26
Jamaica,JAM,2015,4.28
Jamaica,JAM,2016,4.49
Jamaica,JAM,2017,4.38
Jamaica,JAM,2018,3.96
Jamaica,JAM,2019,4.64
Jamaica,JAM,2020,4.28
Jamaica,JAM,2021,4.35
Jamaica,JAM,2022,4.49
Jamaica,JAM,2023,4.77
Jamaica,JAM,2024,4.92
Japan,JPN,2000,1099.67
Japan,JPN,2001,1083.14
Japan,JPN,2002,1103.07
Japan,JPN,2003,1092.59
Japan,JPN,2004,1121.19
Japan,JPN,2005,1153.07
Japan,JPN,2006,1164.35
Japan,JPN,2007,1180.11
Japan,JPN,2008,1183.7
Japan,JPN,2009,1114.02
Japan,JPN,2010,1156.04
Japan,JPN,2011,1104.2
Japan,JPN,2012,1106.88
Japan,JPN,2013,1087.76
Japan,JPN,2014,1062.72
Japan,JPN,2015,1030.12
Japan,JPN,2016,1063.7
Japan,JPN,2017,1076.86
Japan,JPN,2018,1082.93
Japan,JPN,2019,1047.4
Japan,JPN,2020,1011.03
Japan,JPN,2021,1034.67
Japan,JPN,2022,1040.57
Japan,JPN,2023,1006.73
Japan,JPN,2024,1016.39
Japan,JPN,2025,1029.86
Jordan,JOR,2000,7.79
Jordan,JOR,2001,7.8
Jordan,JOR,2002,8.44
Jordan,JOR,2003,9
Jordan,JOR,2004,9.75
Jordan,JOR,2005,10.39
Jordan,JOR,2006,11.58
Jordan,JOR,2007,12.86
Jordan,JOR,2008,14.37
Jordan,JOR,2009,14.52
Jordan,JOR,2010,15.39
Jordan,JOR,2011,16.29
Jordan,JOR,2012,17.27
Jordan,JOR,2013,17.58
Jordan,JOR,2014,18.64
Jordan,JOR,2015,19.61
Jordan,JOR,2016,19.96
Jordan,JOR,2017,20.77
Jordan,JOR,2018,20.46
Jordan,JOR,2019,20.67
Jordan,JOR,2020,20.89
Jordan,JOR,2021,21.58
Jordan,JOR,2022,22.64
Jordan,JOR,2023,23.84
Jordan,JOR,2024,23.73
Kazakhstan,KAZ,2000,54.66
Kazakhstan,KAZ,2001,57.18
Kazakhstan,KAZ,2002,58.72
Kazakhstan,KAZ,2003,62.39
Kazakhstan,KAZ,2004,64.78
Kazakhstan,KAZ,2005,67.79
Kazakhstan,KAZ,2006,71.88
Kazakhstan,KAZ,2007,76.7
Kazakhstan,KAZ,2008,80.64
Kazakhstan,KAZ,2009,78.06
Kazakhstan,KAZ,2010,83.81
Kazakhstan,KAZ,2011,87.37
Kazakhstan,KAZ,2012,91.94
Kazakhstan,KAZ,2013,91.76
Kazakhstan,KAZ,2014,93.47
Kazakhstan,KAZ,2015,91.65
Kazakhstan,KAZ,2016,93.38
Kazakhstan,KAZ,2017,98.76
Kazakhstan,KAZ,2018,103.8
Kazakhstan,KAZ,2019,103.42
Kazakhstan,KAZ,2020,107.9
Kazakhstan,KAZ,2021,114.52
Kazakhstan,KAZ,2022,114.89
Kazakhstan,KAZ,2023,115.66
Kazakhstan,KAZ,2024,120.92
Kazakhstan,KAZ,2025,126.1
Kenya,KEN,2000,4.51
Kenya,KEN,2001,4.98
Kenya,KEN,2002,5.37
Kenya,KEN,2003,5.67
Kenya,KEN,2004,6.32
Kenya,KEN,2005,6.7
Kenya,KEN,2006,7.47
Kenya,KEN,2007,6.63
Kenya,KEN,2008,6.13
Kenya,KEN,2009,6.56
Kenya,KEN,2010,7.16
Kenya,KEN,2011,7.83
Kenya,KEN,2012,8.18
Kenya,KEN,2013,8.08
Kenya,KEN,2014,9.33
Kenya,KEN,2015,9.82
Kenya,KEN,2016,9.73
Kenya,KEN,2017,11.05
Kenya,KEN,2018,11.39
Kenya,KEN,2019,11.76
Kenya,KEN,2020,11.8
Kenya,KEN,2021,12.65
Kenya,KEN,2022,13.26
Kenya,KEN,2023,13.69
Kenya,KEN,2024,14.75
Kenya,KEN,2025,15.58
Kiribati,KIR,2000,0.01
Kiribati,KIR,2001,0.02
Kiribati,KIR,2002,0.02
Kiribati,KIR,2003,0.02
Kiribati,KIR,2004,0.02
Kiribati,KIR,2005,0.02
Kiribati,KIR,2006,0.03
Kiribati,KIR,2007,0.03
Kiribati,KIR,2008,0.02
Kiribati,KIR,2009,0.02
Kiribati,KIR,2010,0.02
Kiribati,KIR,2011,0.02
Kiribati,KIR,2012,0.02
Kiribati,KIR,2013,0.03
Kiribati,KIR,2014,0.03
Kiribati,KIR,2015,0.03
Kiribati,KIR,2016,0.03
Kiribati,KIR,2017,0.03
Kiribati,KIR,2018,0.03
Kiribati,KIR,2019,0.04
Kiribati,KIR,2020,0.04
Kiribati,KIR,2021,0.04
Kiribati,KIR,2022,0.04
Kiribati,KIR,2023,0.04
Kiribati,KIR,2024,0.04
Kosovo,OWID_KOS,2000,3.33
Kosovo,OWID_KOS,2001,4.2
Kosovo,OWID_KOS,2002,4.18
Kosovo,OWID_KOS,2003,4.09
Kosovo,OWID_KOS,2004,4.54
Kosovo,OWID_KOS,2005,4.73
Kosovo,OWID_KOS,2006,4.71
Kosovo,OWID_KOS,2007,5.05
Kosovo,OWID_KOS,2008,5.57
Kosovo,OWID_KOS,2009,5.46
Kosovo,OWID_KOS,2010,5.64
Kosovo,OWID_KOS,2011,6.22
Kosovo,OWID_KOS,2012,6.09
Kosovo,OWID_KOS,2013,6.18
Kosovo,OWID_KOS,2014,5.92
Kosovo,OWID_KOS,2015,6.24
Kosovo,OWID_KOS,2016,5.47
Kosovo,OWID_KOS,2017,6.28
Kosovo,OWID_KOS,2018,6.06
Kosovo,OWID_KOS,2019,6.37
Kosovo,OWID_KOS,2020,6.38
Kosovo,OWID_KOS,2021,7.6
Kosovo,OWID_KOS,2022,7.46
Kosovo,OWID_KOS,2023,7.35
Kosovo,OWID_KOS,2024,7.31
Kosovo,OWID_KOS,2025,7.4
Kuwait,KWT,2000,32.33
Kuwait,KWT,2001,34.3
Kuwait,KWT,2002,36.37
Kuwait,KWT,2003,39.8
Kuwait,KWT,2004,41.26
Kuwait,KWT,2005,43.73
Kuwait,KWT,2006,47.6
Kuwait,KWT,2007,48.75
Kuwait,KWT,2008,51.75
Kuwait,KWT,2009,53.22
Kuwait,KWT,2010,57.03
Kuwait,KWT,2011,57.46
Kuwait,KWT,2012,61.12
Kuwait,KWT,2013,60.99
Kuwait,KWT,2014,65.15
Kuwait,KWT,2015,68.3
Kuwait,KWT,2016,70.1
Kuwait,KWT,2017,68.89
Kuwait,KWT,2018,74.13
Kuwait,KWT,2019,75.04
Kuwait,KWT,2020,74.64
Kuwait,KWT,2021,80.8
Kuwait,KWT,2022,85.29
Kuwait,KWT,2023,89.76
Kuwait,KWT,2024,92.49
Kuwait,KWT,2025,92.49
Kyrgyzstan,KGZ,2000,13.02
Kyrgyzstan,KGZ,2001,12.97
Kyrgyzstan,KGZ,2002,12.3
Kyrgyzstan,KGZ,2003,13.83
Kyrgyzstan,KGZ,2004,12.83
Kyrgyzstan,KGZ,2005,12.13
Kyrgyzstan,KGZ,2006,12.04
Kyrgyzstan,KGZ,2007,12.32
Kyrgyzstan,KGZ,2008,10.92
Kyrgyzstan,KGZ,2009,9.78
Kyrgyzstan,KGZ,2010,10.28
Kyrgyzstan,KGZ,2011,12.34
Kyrgyzstan,KGZ,2012,13.37
Kyrgyzstan,KGZ,2013,13.77
Kyrgyzstan,KGZ,2014,14.64
Kyrgyzstan,KGZ,2015,13.47
Kyrgyzstan,KGZ,2016,13.28
Kyrgyzstan,KGZ,2017,14.15
Kyrgyzstan,KGZ,2018,14.68
Kyrgyzstan,KGZ,2019,14.97
Kyrgyzstan,KGZ,2020,15.45
Kyrgyzstan,KGZ,2021,16.27
Kyrgyzstan,KGZ,2022,16.17
Kyrgyzstan,KGZ,2023,16.95
Kyrgyzstan,KGZ,2024,19.25
Kyrgyzstan,KGZ,2025,19.31
Laos,LAO,2000,1.04
Laos,LAO,2001,0.99
Laos,LAO,2002,1.03
Laos,LAO,2003,1.12
Laos,LAO,2004,0.83
Laos,LAO,2005,1.34
Laos,LAO,2006,1.74
Laos,LAO,2007,2.42
Laos,LAO,2008,2.25
Laos,LAO,2009,2.62
Laos,LAO,2010,2.92
Laos,LAO,2011,3.07
Laos,LAO,2012,3.9
Laos,LAO,2013,4.14
Laos,LAO,2014,4.74
Laos,LAO,2015,6.66
Laos,LAO,2016,6.7
Laos,LAO,2017,6.67
Laos,LAO,2018,7.51
Laos,LAO,2019,8.47
Laos,LAO,2020,10.59
Laos,LAO,2021,11.53
Laos,LAO,2022,11.95
Laos,LAO,2023,17.1
Laos,LAO,2024,15.61
Latin America and Caribbean (Ember),,2000,1007.87
Latin America and Caribbean (Ember),,2001,999.47
Latin America and Caribbean (Ember),,2002,1030.79
Latin America and Caribbean (Ember),,2003,1078.12
Latin America and Caribbean (Ember),,2004,1133.71
Latin America and Caribbean (Ember),,2005,1183.18
Latin America and Caribbean (Ember),,2006,1235.82
Latin America and Caribbean (Ember),,2007,1290.06
Latin America and Caribbean (Ember),,2008,1332.71
Latin America and Caribbean (Ember),,2009,1337.36
Latin America and Caribbean (Ember),,2010,1405.55
Latin America and Caribbean (Ember),,2011,1462.2
Latin America and Caribbean (Ember),,2012,1520.44
Latin America and Caribbean (Ember),,2013,1571.96
Latin America and Caribbean (Ember),,2014,1571.83
Latin America and Caribbean (Ember),,2015,1611.77
Latin America and Caribbean (Ember),,2016,1628.54
Latin America and Caribbean (Ember),,2017,1630.07
Latin America and Caribbean (Ember),,2018,1668.54
Latin America and Caribbean (Ember),,2019,1679.9
Latin America and Caribbean (Ember),,2020,1639
Latin America and Caribbean (Ember),,2021,1702.1
Latin America and Caribbean (Ember),,2022,1732.06
Latin America and Caribbean (Ember),,2023,1789.39
Latin America and Caribbean (Ember),,2024,1831.23
Latin America and Caribbean (Ember),,2025,1846.94
Latvia,LVA,1990,10.23
Latvia,LVA,1991,9.88
Latvia,LVA,1992,7.92
Latvia,LVA,1993,6.43
Latvia,LVA,1994,6.26
Latvia,LVA,1995,6.25
Latvia,LVA,1996,6.35
Latvia,LVA,1997,6.33
Latvia,LVA,1998,6.33
Latvia,LVA,1999,6.06
Latvia,LVA,2000,5.93
Latvia,LVA,2001,6.15
Latvia,LVA,2002,6.32
Latvia,LVA,2003,6.6
Latvia,LVA,2004,6.79
Latvia,LVA,2005,7.07
Latvia,LVA,2006,7.4
Latvia,LVA,2007,7.76
Latvia,LVA,2008,7.79
Latvia,LVA,2009,7.22
Latvia,LVA,2010,7.5
Latvia,LVA,2011,7.33
Latvia,LVA,2012,7.86
Latvia,LVA,2013,7.56
Latvia,LVA,2014,7.46
Latvia,LVA,2015,7.36
Latvia,LVA,2016,7.45
Latvia,LVA,2017,7.47
Latvia,LVA,2018,7.63
Latvia,LVA,2019,7.56
Latvia,LVA,2020,7.35
Latvia,LVA,2021,7.62
Latvia,LVA,2022,7.34
Latvia,LVA,2023,7.18
Latvia,LVA,2024,7.4
Latvia,LVA,2025,7.52
Lebanon,LBN,2000,11.35
Lebanon,LBN,2001,11.21
Lebanon,LBN,2002,12.08
Lebanon,LBN,2003,12.93
Lebanon,LBN,2004,11.66
Lebanon,LBN,2005,12.19
Lebanon,LBN,2006,12.26
Lebanon,LBN,2007,11.54
Lebanon,LBN,2008,13.01
Lebanon,LBN,2009,14.13
Lebanon,LBN,2010,16.96
Lebanon,LBN,2011,17.14
Lebanon,LBN,2012,16.78
Lebanon,LBN,2013,19.32
Lebanon,LBN,2014,18.11
Lebanon,LBN,2015,18.91
Lebanon,LBN,2016,19.48
Lebanon,LBN,2017,21.78
Lebanon,LBN,2018,21.29
Lebanon,LBN,2019,21.68
Lebanon,LBN,2020,18.25
Lebanon,LBN,2021,11.14
Lebanon,LBN,2022,4.37
Lebanon,LBN,2023,6.28
Lebanon,LBN,2024,5.34
Lesotho,LSO,2000,0.29
Lesotho,LSO,2001,0.3
Lesotho,LSO,2002,0.29
Lesotho,LSO,2003,0.32
Lesotho,LSO,2004,0.32
Lesotho,LSO,2005,0.45
Lesotho,LSO,2006,0.55
Lesotho,LSO,2007,0.59
Lesotho,LSO,2008,0.63
Lesotho,LSO,2009,0.77
Lesotho,LSO,2010,0.89
Lesotho,LSO,2011,0.71
Lesotho,LSO,2012,0.78
Lesotho,LSO,2013,0.79
Lesotho,LSO,2014,0.79
Lesotho,LSO,2015,0.79
Lesotho,LSO,2016,0.89
Lesotho,LSO,2017,0.93
Lesotho,LSO,2018,0.91
Lesotho,LSO,2019,0.93
Lesotho,LSO,2020,0.87
Lesotho,LSO,2021,0.96
Lesotho,LSO,2022,0.91
Lesotho,LSO,2023,0.45
Lesotho,LSO,2024,0.58
Liberia,LBR,2000,0.2
Liberia,LBR,2001,0.2
Liberia,LBR,2002,0.2
Liberia,LBR,2003,0.2
Liberia,LBR,2004,0.2
Liberia,LBR,2005,0.2
Liberia,LBR,2006,0.2
Liberia,LBR,2007,0.25
Liberia,LBR,2008,0.25
Liberia,LBR,2009,0.25
Liberia,LBR,2010,0.25
Liberia,LBR,2011,0.3
Liberia,LBR,2012,0.3
Liberia,LBR,2013,0.3
Liberia,LBR,2014,0.3
Liberia,LBR,2015,0.31
Liberia,LBR,2016,0.3
Liberia,LBR,2017,0.35
Liberia,LBR,2018,0.41
Liberia,LBR,2019,0.42
Liberia,LBR,2020,0.45
Liberia,LBR,2021,0.38
Liberia,LBR,2022,0.39
Liberia,LBR,2023,0.61
Liberia,LBR,2024,0.57
Libya,LBY,2000,15.5
Libya,LBY,2001,16.11
Libya,LBY,2002,17.53
Libya,LBY,2003,18.95
Libya,LBY,2004,20.2
Libya,LBY,2005,22.37
Libya,LBY,2006,24.78
Libya,LBY,2007,26.2
Libya,LBY,2008,28.62
Libya,LBY,2009,30.35
Libya,LBY,2010,32.48
Libya,LBY,2011,25.95
Libya,LBY,2012,34.34
Libya,LBY,2013,37.99
Libya,LBY,2014,37.82
Libya,LBY,2015,37.51
Libya,LBY,2016,31.8
Libya,LBY,2017,33.58
Libya,LBY,2018,34.65
Libya,LBY,2019,35.41
Libya,LBY,2020,30.76
Libya,LBY,2021,35.57
Libya,LBY,2022,35.83
Libya,LBY,2023,33.75
Libya,LBY,2024,34.59
Lithuania,LTU,1990,16.42
Lithuania,LTU,1991,16.62
Lithuania,LTU,1992,13.25
Lithuania,LTU,1993,11.2
Lithuania,LTU,1994,10.86
Lithuania,LTU,1995,10.84
Lithuania,LTU,1996,11.08
Lithuania,LTU,1997,10.87
Lithuania,LTU,1998,11.07
Lithuania,LTU,1999,10.4
Lithuania,LTU,2000,9.79
Lithuania,LTU,2001,10.4
Lithuania,LTU,2002,10.8
Lithuania,LTU,2003,11.29
Lithuania,LTU,2004,11.56
Lithuania,LTU,2005,11.45
Lithuania,LTU,2006,11.64
Lithuania,LTU,2007,12.09
Lithuania,LTU,2008,12.37
Lithuania,LTU,2009,11.71
Lithuania,LTU,2010,10.99
Lithuania,LTU,2011,10.99
Lithuania,LTU,2012,11.12
Lithuania,LTU,2013,11.14
Lithuania,LTU,2014,11.31
Lithuania,LTU,2015,11.44
Lithuania,LTU,2016,11.9
Lithuania,LTU,2017,12.24
Lithuania,LTU,2018,12.55
Lithuania,LTU,2019,12.68
Lithuania,LTU,2020,12.61
Lithuania,LTU,2021,13.34
Lithuania,LTU,2022,12.61
Lithuania,LTU,2023,12.23
Lithuania,LTU,2024,12.79
Lithuania,LTU,2025,12.32
Low-income countries,OWID_LIC,2000,67.35
Low-income countries,OWID_LIC,2001,73.93
Low-income countries,OWID_LIC,2002,75.43
Low-income countries,OWID_LIC,2003,82.5
Low-income countries,OWID_LIC,2004,88.990005
Low-income countries,OWID_LIC,2005,95.72
Low-income countries,OWID_LIC,2006,100.04
Low-income countries,OWID_LIC,2007,104.71
Low-income countries,OWID_LIC,2008,110.13
Low-income countries,OWID_LIC,2009,115.39
Low-income countries,OWID_LIC,2010,125.03
Low-income countries,OWID_LIC,2011,120.9
Low-income countries,OWID_LIC,2012,116.57
Low-income countries,OWID_LIC,2013,115.58
Low-income countries,OWID_LIC,2014,114.74
Low-income countries,OWID_LIC,2015,111.46
Low-income countries,OWID_LIC,2016,120.69
Low-income countries,OWID_LIC,2017,123.11
Low-income countries,OWID_LIC,2018,133.89
Low-income countries,OWID_LIC,2019,136.48
Low-income countries,OWID_LIC,2020,136.83
Low-income countries,OWID_LIC,2021,143.94
Low-income countries,OWID_LIC,2022,146.63
Low-income countries,OWID_LIC,2023,153.7
Low-income countries,OWID_LIC,2024,161.69
Lower-middle-income countries,OWID_LMC,2000,1016.59
Lower-middle-income countries,OWID_LMC,2001,1057.1901
Lower-middle-income countries,OWID_LMC,2002,1104.0599
Lower-middle-income countries,OWID_LMC,2003,1148.78
Lower-middle-income countries,OWID_LMC,2004,1240.74
Lower-middle-income countries,OWID_LMC,2005,1276.27
Lower-middle-income countries,OWID_LMC,2006,1348.35
Lower-middle-income countries,OWID_LMC,2007,1414.4401
Lower-middle-income countries,OWID_LMC,2008,1464.31
Lower-middle-income countries,OWID_LMC,2009,1530.84
Lower-middle-income countries,OWID_LMC,2010,1616.36
Lower-middle-income countries,OWID_LMC,2011,1740.23
Lower-middle-income countries,OWID_LMC,2012,1846.03
Lower-middle-income countries,OWID_LMC,2013,1932.42
Lower-middle-income countries,OWID_LMC,2014,2056.89
Lower-middle-income countries,OWID_LMC,2015,2152.43
Lower-middle-income countries,OWID_LMC,2016,2265.44
Lower-middle-income countries,OWID_LMC,2017,2351.35
Lower-middle-income countries,OWID_LMC,2018,2484.35
Lower-middle-income countries,OWID_LMC,2019,2529.94
Lower-middle-income countries,OWID_LMC,2020,2510.07
Lower-middle-income countries,OWID_LMC,2021,2696
Lower-middle-income countries,OWID_LMC,2022,2859.8699
Lower-middle-income countries,OWID_LMC,2023,2983.71
Lower-middle-income countries,OWID_LMC,2024,3135.92
Luxembourg,LUX,1990,4.55
Luxembourg,LUX,1991,4.85
Luxembourg,LUX,1992,4.64
Luxembourg,LUX,1993,4.72
Luxembourg,LUX,1994,5.05
Luxembourg,LUX,1995,5.49
Luxembourg,LUX,1996,5.35
Luxembourg,LUX,1997,5.6
Luxembourg,LUX,1998,5.78
Luxembourg,LUX,1999,5.92
Luxembourg,LUX,2000,6.11
Luxembourg,LUX,2001,6.19
Luxembourg,LUX,2002,6.27
Luxembourg,LUX,2003,6.55
Luxembourg,LUX,2004,6.74
Luxembourg,LUX,2005,6.61
Luxembourg,LUX,2006,7.1
Luxembourg,LUX,2007,7.15
Luxembourg,LUX,2008,7.07
Luxembourg,LUX,2009,6.57
Luxembourg,LUX,2010,7.3
Luxembourg,LUX,2011,7.12
Luxembourg,LUX,2012,6.87
Luxembourg,LUX,2013,6.78
Luxembourg,LUX,2014,6.8
Luxembourg,LUX,2015,6.94
Luxembourg,LUX,2016,7.09
Luxembourg,LUX,2017,7.08
Luxembourg,LUX,2018,7.12
Luxembourg,LUX,2019,6.95
Luxembourg,LUX,2020,6.68
Luxembourg,LUX,2021,6.95
Luxembourg,LUX,2022,6.72
Luxembourg,LUX,2023,6.61
Luxembourg,LUX,2024,6.76
Luxembourg,LUX,2025,6.7
Macao,MAC,2000,1.67
Macao,MAC,2001,1.76
Macao,MAC,2002,1.89
Macao,MAC,2003,1.98
Macao,MAC,2004,2.12
Macao,MAC,2005,2.37
Macao,MAC,2006,2.63
Macao,MAC,2007,3.2
Macao,MAC,2008,3.52
Macao,MAC,2009,3.69
Macao,MAC,2010,3.87
Macao,MAC,2011,4.05
Macao,MAC,2012,4.42
Macao,MAC,2013,4.47
Macao,MAC,2014,4.74
Macao,MAC,2015,5
Macao,MAC,2016,5.3
Macao,MAC,2017,5.42
Macao,MAC,2018,5.56
Macao,MAC,2019,5.82
Macao,MAC,2020,5.41
Macao,MAC,2021,5.69
Macao,MAC,2022,5.36
Macao,MAC,2023,5.99
Macao,MAC,2024,6.28
Madagascar,MDG,2000,0.86
Madagascar,MDG,2001,0.88
Madagascar,MDG,2002,0.86
Madagascar,MDG,2003,0.96
Madagascar,MDG,2004,1.05
Madagascar,MDG,2005,1.06
Madagascar,MDG,2006,1.07
Madagascar,MDG,2007,1.12
Madagascar,MDG,2008,1.18
Madagascar,MDG,2009,1.19
Madagascar,MDG,2010,1.3
Madagascar,MDG,2011,1.47
Madagascar,MDG,2012,1.56
Madagascar,MDG,2013,1.65
Madagascar,MDG,2014,1.72
Madagascar,MDG,2015,1.79
Madagascar,MDG,2016,1.9
Madagascar,MDG,2017,1.98
Madagascar,MDG,2018,2.38
Madagascar,MDG,2019,2.47
Madagascar,MDG,2020,2.16
Madagascar,MDG,2021,2.53
Madagascar,MDG,2022,2.64
Madagascar,MDG,2023,2.48
Madagascar,MDG,2024,2.43
Malawi,MWI,2000,1.21
Malawi,MWI,2001,1.21
Malawi,MWI,2002,1.27
Malawi,MWI,2003,1.3
Malawi,MWI,2004,1.46
Malawi,MWI,2005,1.52
Malawi,MWI,2006,1.56
Malawi,MWI,2007,1.56
Malawi,MWI,2008,1.68
Malawi,MWI,2009,1.65
Malawi,MWI,2010,1.9
Malawi,MWI,2011,1.95
Malawi,MWI,2012,2.03
Malawi,MWI,2013,2.03
Malawi,MWI,2014,2.15
Malawi,MWI,2015,2.15
Malawi,MWI,2016,2.13
Malawi,MWI,2017,1.89
Malawi,MWI,2018,1.79
Malawi,MWI,2019,1.78
Malawi,MWI,2020,1.73
Malawi,MWI,2021,1.81
Malawi,MWI,2022,1.81
Malawi,MWI,2023,1.81
Malawi,MWI,2024,1.81
Malaysia,MYS,2000,69.88
Malaysia,MYS,2001,75.69
Malaysia,MYS,2002,80.84
Malaysia,MYS,2003,83.11
Malaysia,MYS,2004,95.54
Malaysia,MYS,2005,96.52
Malaysia,MYS,2006,101.67
Malaysia,MYS,2007,106.29
Malaysia,MYS,2008,113.35
Malaysia,MYS,2009,116.02
Malaysia,MYS,2010,124.89
Malaysia,MYS,2011,127.43
Malaysia,MYS,2012,134.17
Malaysia,MYS,2013,141.16
Malaysia,MYS,2014,147.48
Malaysia,MYS,2015,150.12
Malaysia,MYS,2016,155.99
Malaysia,MYS,2017,159.52
Malaysia,MYS,2018,169.09
Malaysia,MYS,2019,176.84
Malaysia,MYS,2020,172.46
Malaysia,MYS,2021,174.27
Malaysia,MYS,2022,182.25
Malaysia,MYS,2023,186.7
Malaysia,MYS,2024,197.04
Malaysia,MYS,2025,199.91
Maldives,MDV,2000,0.15
Maldives,MDV,2001,0.16
Maldives,MDV,2002,0.19
Maldives,MDV,2003,0.22
Maldives,MDV,2004,0.24
Maldives,MDV,2005,0.27
Maldives,MDV,2006,0.31
Maldives,MDV,2007,0.35
Maldives,MDV,2008,0.41
Maldives,MDV,2009,0.39
Maldives,MDV,2010,0.35
Maldives,MDV,2011,0.38
Maldives,MDV,2012,0.4
Maldives,MDV,2013,0.42
Maldives,MDV,2014,0.54
Maldives,MDV,2015,0.62
Maldives,MDV,2016,0.67
Maldives,MDV,2017,0.73
Maldives,MDV,2018,0.79
Maldives,MDV,2019,0.81
Maldives,MDV,2020,0.82
Maldives,MDV,2021,0.84
Maldives,MDV,2022,0.85
Maldives,MDV,2023,0.85
Maldives,MDV,2024,0.85
Mali,MLI,2000,1.06
Mali,MLI,2001,1.07
Mali,MLI,2002,0.91
Mali,MLI,2003,0.7
Mali,MLI,2004,0.9
Mali,MLI,2005,1.09
Mali,MLI,2006,1.21
Mali,MLI,2007,1.32
Mali,MLI,2008,1.48
Mali,MLI,2009,1.31
Mali,MLI,2010,1.96
Mali,MLI,2011,2.42
Mali,MLI,2012,1.86
Mali,MLI,2013,2.1
Mali,MLI,2014,2.26
Mali,MLI,2015,2.64
Mali,MLI,2016,2.67
Mali,MLI,2017,3.19
Mali,MLI,2018,3.48
Mali,MLI,2019,3.86
Mali,MLI,2020,4.09
Mali,MLI,2021,4.1
Mali,MLI,2022,4.61
Mali,MLI,2023,5.29
Mali,MLI,2024,5.46
Malta,MLT,1990,1.11
Malta,MLT,1991,1.42
Malta,MLT,1992,1.49
Malta,MLT,1993,1.5
Malta,MLT,1994,1.54
Malta,MLT,1995,1.63
Malta,MLT,1996,1.66
Malta,MLT,1997,1.69
Malta,MLT,1998,1.72
Malta,MLT,1999,1.85
Malta,MLT,2000,1.92
Malta,MLT,2001,1.94
Malta,MLT,2002,2.05
Malta,MLT,2003,2.24
Malta,MLT,2004,2.22
Malta,MLT,2005,2.24
Malta,MLT,2006,2.26
Malta,MLT,2007,2.3
Malta,MLT,2008,2.31
Malta,MLT,2009,2.17
Malta,MLT,2010,2.11
Malta,MLT,2011,2.17
Malta,MLT,2012,2.3
Malta,MLT,2013,2.26
Malta,MLT,2014,2.25
Malta,MLT,2015,2.35
Malta,MLT,2016,2.39
Malta,MLT,2017,2.51
Malta,MLT,2018,2.59
Malta,MLT,2019,2.71
Malta,MLT,2020,2.57
Malta,MLT,2021,2.73
Malta,MLT,2022,2.94
Malta,MLT,2023,2.97
Malta,MLT,2024,3.16
Malta,MLT,2025,3.23
Martinique,MTQ,2000,1.14
Martinique,MTQ,2001,1.31
Martinique,MTQ,2002,1.35
Martinique,MTQ,2003,1.4
Martinique,MTQ,2004,1.44
Martinique,MTQ,2005,1.44
Martinique,MTQ,2006,1.47
Martinique,MTQ,2007,1.48
Martinique,MTQ,2008,1.53
Martinique,MTQ,2009,1.54
Martinique,MTQ,2010,1.61
Martinique,MTQ,2011,1.57
Martinique,MTQ,2012,1.59
Martinique,MTQ,2013,1.58
Martinique,MTQ,2014,1.55
Martinique,MTQ,2015,1.56
Martinique,MTQ,2016,1.58
Martinique,MTQ,2017,1.56
Martinique,MTQ,2018,1.54
Martinique,MTQ,2019,1.55
Martinique,MTQ,2020,1.5
Martinique,MTQ,2021,1.51
Martinique,MTQ,2022,1.49
Martinique,MTQ,2023,1.51
Mauritania,MRT,2000,0.42
Mauritania,MRT,2001,0.47
Mauritania,MRT,2002,0.53
Mauritania,MRT,2003,0.58
Mauritania,MRT,2004,0.61
Mauritania,MRT,2005,0.66
Mauritania,MRT,2006,0.75
Mauritania,MRT,2007,0.72
Mauritania,MRT,2008,0.82
Mauritania,MRT,2009,0.88
Mauritania,MRT,2010,0.97
Mauritania,MRT,2011,1
Mauritania,MRT,2012,1.1
Mauritania,MRT,2013,1.15
Mauritania,MRT,2014,1.21
Mauritania,MRT,2015,1.34
Mauritania,MRT,2016,1.38
Mauritania,MRT,2017,1.54
Mauritania,MRT,2018,1.66
Mauritania,MRT,2019,1.77
Mauritania,MRT,2020,1.85
Mauritania,MRT,2021,1.77
Mauritania,MRT,2022,2.02
Mauritania,MRT,2023,2.35
Mauritania,MRT,2024,2.37
Mauritius,MUS,2000,1.77
Mauritius,MUS,2001,1.92
Mauritius,MUS,2002,1.96
Mauritius,MUS,2003,2.09
Mauritius,MUS,2004,2.16
Mauritius,MUS,2005,2.26
Mauritius,MUS,2006,2.36
Mauritius,MUS,2007,2.46
Mauritius,MUS,2008,2.56
Mauritius,MUS,2009,2.57
Mauritius,MUS,2010,2.69
Mauritius,MUS,2011,2.73
Mauritius,MUS,2012,2.79
Mauritius,MUS,2013,2.86
Mauritius,MUS,2014,2.94
Mauritius,MUS,2015,2.99
Mauritius,MUS,2016,3.05
Mauritius,MUS,2017,3.11
Mauritius,MUS,2018,3.12
Mauritius,MUS,2019,3.23
Mauritius,MUS,2020,2.9
Mauritius,MUS,2021,2.99
Mauritius,MUS,2022,3.12
Mauritius,MUS,2023,3.27
Mauritius,MUS,2024,3.41
Mexico,MEX,2000,204.49
Mexico,MEX,2001,210.28
Mexico,MEX,2002,215.93
Mexico,MEX,2003,224.03
Mexico,MEX,2004,234.12
Mexico,MEX,2005,246.3
Mexico,MEX,2006,255.47
Mexico,MEX,2007,262.09
Mexico,MEX,2008,268.19
Mexico,MEX,2009,266.86
Mexico,MEX,2010,274.62
Mexico,MEX,2011,291.45
Mexico,MEX,2012,297.45
Mexico,MEX,2013,297.09
Mexico,MEX,2014,302.8
Mexico,MEX,2015,309.69
Mexico,MEX,2016,320.61
Mexico,MEX,2017,329.44
Mexico,MEX,2018,350.54
Mexico,MEX,2019,345.39
Mexico,MEX,2020,329.74
Mexico,MEX,2021,327.63
Mexico,MEX,2022,339.88
Mexico,MEX,2023,350.66
Mexico,MEX,2024,354.87
Mexico,MEX,2025,356.66
Middle East (Ember),,2000,482.98
Middle East (Ember),,2001,509.57
Middle East (Ember),,2002,543.91
Middle East (Ember),,2003,577.07
Middle East (Ember),,2004,607.62
Middle East (Ember),,2005,660.71
Middle East (Ember),,2006,701.25
Middle East (Ember),,2007,745.96
Middle East (Ember),,2008,775.7
Middle East (Ember),,2009,813.64
Middle East (Ember),,2010,899.82
Middle East (Ember),,2011,921.33
Middle East (Ember),,2012,964.17
Middle East (Ember),,2013,1001.94
Middle East (Ember),,2014,1076.09
Middle East (Ember),,2015,1126.29
Middle East (Ember),,2016,1160.23
Middle East (Ember),,2017,1240.79
Middle East (Ember),,2018,1247.94
Middle East (Ember),,2019,1289.37
Middle East (Ember),,2020,1304.66
Middle East (Ember),,2021,1357.73
Middle East (Ember),,2022,1412.24
Middle East (Ember),,2023,1490.89
Middle East (Ember),,2024,1554.17
Middle East (Ember),,2025,1581.74
Moldova,MDA,2000,7.23
Moldova,MDA,2001,7.98
Moldova,MDA,2002,7.88
Moldova,MDA,2003,9.22
Moldova,MDA,2004,8.74
Moldova,MDA,2005,9.11
Moldova,MDA,2006,9.59
Moldova,MDA,2007,8.8
Moldova,MDA,2008,8.97
Moldova,MDA,2009,7.65
Moldova,MDA,2010,6.14
Moldova,MDA,2011,6.45
Moldova,MDA,2012,6.66
Moldova,MDA,2013,5.97
Moldova,MDA,2014,6.1
Moldova,MDA,2015,6.06
Moldova,MDA,2016,5.85
Moldova,MDA,2017,6.09
Moldova,MDA,2018,6.34
Moldova,MDA,2019,6.33
Moldova,MDA,2020,6.35
Moldova,MDA,2021,6.82
Moldova,MDA,2022,6.17
Moldova,MDA,2023,6.43
Moldova,MDA,2024,6.06
Moldova,MDA,2025,6.17
Mongolia,MNG,2000,3.06
Mongolia,MNG,2001,3.15
Mongolia,MNG,2002,3.24
Mongolia,MNG,2003,3.27
Mongolia,MNG,2004,3.44
Mongolia,MNG,2005,3.56
Mongolia,MNG,2006,3.75
Mongolia,MNG,2007,3.91
Mongolia,MNG,2008,4.18
Mongolia,MNG,2009,4.18
Mongolia,MNG,2010,4.56
Mongolia,MNG,2011,4.79
Mongolia,MNG,2012,5.15
Mongolia,MNG,2013,6.2
Mongolia,MNG,2014,6.7
Mongolia,MNG,2015,6.88
Mongolia,MNG,2016,7.08
Mongolia,MNG,2017,7.58
Mongolia,MNG,2018,8.21
Mongolia,MNG,2019,8.64
Mongolia,MNG,2020,8.28
Mongolia,MNG,2021,9.24
Mongolia,MNG,2022,9.83
Mongolia,MNG,2023,10.68
Mongolia,MNG,2024,11.54
Mongolia,MNG,2025,12.41
Montenegro,MNE,2005,4.66
Montenegro,MNE,2006,4.82
Montenegro,MNE,2007,4.73
Montenegro,MNE,2008,4.61
Montenegro,MNE,2009,3.81
Montenegro,MNE,2010,4.02
Montenegro,MNE,2011,4.21
Montenegro,MNE,2012,4.06
Montenegro,MNE,2013,3.6
Montenegro,MNE,2014,3.43
Montenegro,MNE,2015,3.52
Montenegro,MNE,2016,3.44
Montenegro,MNE,2017,3.6
Montenegro,MNE,2018,3.6
Montenegro,MNE,2019,3.68
Montenegro,MNE,2020,3.47
Montenegro,MNE,2021,3.6
Montenegro,MNE,2022,3.18
Montenegro,MNE,2023,3.32
Montenegro,MNE,2024,3.37
Montenegro,MNE,2025,4.34
Montserrat,MSR,2000,0.01
Montserrat,MSR,2001,0.01
Montserrat,MSR,2002,0.01
Montserrat,MSR,2003,0.01
Montserrat,MSR,2004,0.01
Montserrat,MSR,2005,0.01
Montserrat,MSR,2006,0.01
Montserrat,MSR,2007,0.01
Montserrat,MSR,2008,0.01
Montserrat,MSR,2009,0.01
Montserrat,MSR,2010,0.01
Montserrat,MSR,2011,0.01
Montserrat,MSR,2012,0.01
Montserrat,MSR,2013,0.01
Montserrat,MSR,2014,0.01
Montserrat,MSR,2015,0.01
Montserrat,MSR,2016,0.01
Montserrat,MSR,2017,0.01
Montserrat,MSR,2018,0.01
Montserrat,MSR,2019,0.01
Montserrat,MSR,2020,0.01
Montserrat,MSR,2021,0.01
Montserrat,MSR,2022,0.01
Montserrat,MSR,2023,0.01
Montserrat,MSR,2024,0.01
Morocco,MAR,2000,16.03
Morocco,MAR,2001,17.14
Morocco,MAR,2002,16.47
Morocco,MAR,2003,17.76
Morocco,MAR,2004,19
Morocco,MAR,2005,20.07
Morocco,MAR,2006,21.9
Morocco,MAR,2007,23.2
Morocco,MAR,2008,24.61
Morocco,MAR,2009,25.55
Morocco,MAR,2010,26.79
Morocco,MAR,2011,28.97
Morocco,MAR,2012,31.35
Morocco,MAR,2013,32.34
Morocco,MAR,2014,34.09
Morocco,MAR,2015,34.88
Morocco,MAR,2016,36.02
Morocco,MAR,2017,37.84
Morocco,MAR,2018,37.93
Morocco,MAR,2019,39.45
Morocco,MAR,2020,39.03
Morocco,MAR,2021,41.14
Morocco,MAR,2022,42.81
Morocco,MAR,2023,44.31
Morocco,MAR,2024,44.94
Morocco,MAR,2025,48.23
Mozambique,MOZ,2000,3.08
Mozambique,MOZ,2001,6.19
Mozambique,MOZ,2002,6.2
Mozambique,MOZ,2003,8.51
Mozambique,MOZ,2004,10.47
Mozambique,MOZ,2005,10.74
Mozambique,MOZ,2006,11.6
Mozambique,MOZ,2007,12.13
Mozambique,MOZ,2008,11.96
Mozambique,MOZ,2009,12.43
Mozambique,MOZ,2010,13.13
Mozambique,MOZ,2011,13.66
Mozambique,MOZ,2012,13.74
Mozambique,MOZ,2013,14.22
Mozambique,MOZ,2014,14.4
Mozambique,MOZ,2015,15.08
Mozambique,MOZ,2016,15.53
Mozambique,MOZ,2017,15.92
Mozambique,MOZ,2018,15.73
Mozambique,MOZ,2019,16.5
Mozambique,MOZ,2020,15.61
Mozambique,MOZ,2021,15.9
Mozambique,MOZ,2022,16.37
Mozambique,MOZ,2023,16.5
Mozambique,MOZ,2024,16.49
Myanmar,MMR,2000,5.1
Myanmar,MMR,2001,4.67
Myanmar,MMR,2002,5.07
Myanmar,MMR,2003,5.42
Myanmar,MMR,2004,5.61
Myanmar,MMR,2005,6.02
Myanmar,MMR,2006,6.18
Myanmar,MMR,2007,6.4
Myanmar,MMR,2008,6.62
Myanmar,MMR,2009,6.97
Myanmar,MMR,2010,8.62
Myanmar,MMR,2011,10.43
Myanmar,MMR,2012,11.16
Myanmar,MMR,2013,12.46
Myanmar,MMR,2014,14.39
Myanmar,MMR,2015,16.2
Myanmar,MMR,2016,15.74
Myanmar,MMR,2017,19.65
Myanmar,MMR,2018,20.21
Myanmar,MMR,2019,18.05
Myanmar,MMR,2020,17.54
Myanmar,MMR,2021,18.66
Myanmar,MMR,2022,23.05
Myanmar,MMR,2023,21.69
Myanmar,MMR,2024,21.92
Namibia,NAM,2000,2.13
Namibia,NAM,2001,2.21
Namibia,NAM,2002,2.32
Namibia,NAM,2003,2.42
Namibia,NAM,2004,2.92
Namibia,NAM,2005,3.36
Namibia,NAM,2006,3.52
Namibia,NAM,2007,3.58
Namibia,NAM,2008,3.67
Namibia,NAM,2009,3.56
Namibia,NAM,2010,3.69
Namibia,NAM,2011,3.85
Namibia,NAM,2012,4.1
Namibia,NAM,2013,4.17
Namibia,NAM,2014,4.33
Namibia,NAM,2015,4.17
Namibia,NAM,2016,4.45
Namibia,NAM,2017,4.58
Namibia,NAM,2018,4.63
Namibia,NAM,2019,4.42
Namibia,NAM,2020,4.19
Namibia,NAM,2021,3.95
Namibia,NAM,2022,4.07
Namibia,NAM,2023,4.18
Namibia,NAM,2024,4.04
Nauru,NRU,2000,0.03
Nauru,NRU,2001,0.03
Nauru,NRU,2002,0.03
Nauru,NRU,2003,0.03
Nauru,NRU,2004,0.03
Nauru,NRU,2005,0.03
Nauru,NRU,2006,0.02
Nauru,NRU,2007,0.02
Nauru,NRU,2008,0.02
Nauru,NRU,2009,0.02
Nauru,NRU,2010,0.02
Nauru,NRU,2011,0.02
Nauru,NRU,2012,0.02
Nauru,NRU,2013,0.02
Nauru,NRU,2014,0.03
Nauru,NRU,2015,0.03
Nauru,NRU,2016,0.03
Nauru,NRU,2017,0.03
Nauru,NRU,2018,0.04
Nauru,NRU,2019,0.04
Nauru,NRU,2020,0.04
Nauru,NRU,2021,0.04
Nauru,NRU,2022,0.04
Nauru,NRU,2023,0.04
Nauru,NRU,2024,0.05
Nepal,NPL,2000,1.75
Nepal,NPL,2001,1.94
Nepal,NPL,2002,2.06
Nepal,NPL,2003,2.2
Nepal,NPL,2004,2.52
Nepal,NPL,2005,2.68
Nepal,NPL,2006,2.97
Nepal,NPL,2007,3.14
Nepal,NPL,2008,3.1
Nepal,NPL,2009,3.64
Nepal,NPL,2010,3.84
Nepal,NPL,2011,4.2
Nepal,NPL,2012,4.32
Nepal,NPL,2013,4.82
Nepal,NPL,2014,5.17
Nepal,NPL,2015,5.23
Nepal,NPL,2016,6.35
Nepal,NPL,2017,7.16
Nepal,NPL,2018,7.62
Nepal,NPL,2019,7.77
Nepal,NPL,2020,8.95
Nepal,NPL,2021,10.68
Nepal,NPL,2022,11.19
Nepal,NPL,2023,10.65
Nepal,NPL,2024,11.03
Netherlands,NLD,1990,79.91
Netherlands,NLD,1991,82.38
Netherlands,NLD,1992,84.52
Netherlands,NLD,1993,86.18
Netherlands,NLD,1994,88.82
Netherlands,NLD,1995,91.17
Netherlands,NLD,1996,94.66
Netherlands,NLD,1997,97.73
Netherlands,NLD,1998,101.2
Netherlands,NLD,1999,103.6
Netherlands,NLD,2000,106.97
Netherlands,NLD,2001,109.42
Netherlands,NLD,2002,111.02
Netherlands,NLD,2003,112.46
Netherlands,NLD,2004,116.04
Netherlands,NLD,2005,116.82
Netherlands,NLD,2006,118.98
Netherlands,NLD,2007,121.29
Netherlands,NLD,2008,122.06
Netherlands,NLD,2009,117.24
Netherlands,NLD,2010,120.88
Netherlands,NLD,2011,121.73
Netherlands,NLD,2012,119.38
Netherlands,NLD,2013,118.8
Netherlands,NLD,2014,116.83
Netherlands,NLD,2015,117.74
Netherlands,NLD,2016,118.87
Netherlands,NLD,2017,119.55
Netherlands,NLD,2018,121.07
Netherlands,NLD,2019,120.91
Netherlands,NLD,2020,119.3
Netherlands,NLD,2021,121.14
Netherlands,NLD,2022,115.69
Netherlands,NLD,2023,114.3
Netherlands,NLD,2024,118.11
Netherlands,NLD,2025,121.11
New Caledonia,NCL,2000,1.64
New Caledonia,NCL,2001,1.72
New Caledonia,NCL,2002,1.75
New Caledonia,NCL,2003,1.75
New Caledonia,NCL,2004,1.67
New Caledonia,NCL,2005,1.88
New Caledonia,NCL,2006,1.87
New Caledonia,NCL,2007,1.93
New Caledonia,NCL,2008,1.86
New Caledonia,NCL,2009,1.94
New Caledonia,NCL,2010,2.12
New Caledonia,NCL,2011,2.26
New Caledonia,NCL,2012,2.29
New Caledonia,NCL,2013,2.51
New Caledonia,NCL,2014,3.01
New Caledonia,NCL,2015,2.9
New Caledonia,NCL,2016,3.14
New Caledonia,NCL,2017,3.23
New Caledonia,NCL,2018,3.5
New Caledonia,NCL,2019,3.33
New Caledonia,NCL,2020,3.24
New Caledonia,NCL,2021,2.91
New Caledonia,NCL,2022,3.09
New Caledonia,NCL,2023,3.09
New Caledonia,NCL,2024,3.12
New Zealand,NZL,2000,38.91
New Zealand,NZL,2001,39.28
New Zealand,NZL,2002,40.21
New Zealand,NZL,2003,40.37
New Zealand,NZL,2004,42.27
New Zealand,NZL,2005,42.48
New Zealand,NZL,2006,43.04
New Zealand,NZL,2007,43.38
New Zealand,NZL,2008,43.39
New Zealand,NZL,2009,42.95
New Zealand,NZL,2010,44.31
New Zealand,NZL,2011,43.86
New Zealand,NZL,2012,43.75
New Zealand,NZL,2013,42.7
New Zealand,NZL,2014,42.92
New Zealand,NZL,2015,43.57
New Zealand,NZL,2016,43.15
New Zealand,NZL,2017,43.66
New Zealand,NZL,2018,43.73
New Zealand,NZL,2019,43.75
New Zealand,NZL,2020,43.35
New Zealand,NZL,2021,43.55
New Zealand,NZL,2022,43.25
New Zealand,NZL,2023,42.89
New Zealand,NZL,2024,44.01
New Zealand,NZL,2025,43.34
Nicaragua,NIC,2000,2.39
Nicaragua,NIC,2001,2.49
Nicaragua,NIC,2002,2.56
Nicaragua,NIC,2003,2.69
Nicaragua,NIC,2004,2.81
Nicaragua,NIC,2005,2.88
Nicaragua,NIC,2006,3.17
Nicaragua,NIC,2007,3.26
Nicaragua,NIC,2008,3.39
Nicaragua,NIC,2009,3.45
Nicaragua,NIC,2010,3.62
Nicaragua,NIC,2011,3.78
Nicaragua,NIC,2012,4.05
Nicaragua,NIC,2013,4.21
Nicaragua,NIC,2014,4.43
Nicaragua,NIC,2015,4.6
Nicaragua,NIC,2016,4.78
Nicaragua,NIC,2017,4.85
Nicaragua,NIC,2018,4.85
Nicaragua,NIC,2019,5.01
Nicaragua,NIC,2020,4.86
Nicaragua,NIC,2021,5.21
Nicaragua,NIC,2022,5.38
Nicaragua,NIC,2023,5.34
Nicaragua,NIC,2024,5.42
Niger,NER,2000,0.41
Niger,NER,2001,0.4
Niger,NER,2002,0.4
Niger,NER,2003,0.43
Niger,NER,2004,0.49
Niger,NER,2005,0.57
Niger,NER,2006,0.57
Niger,NER,2007,0.67
Niger,NER,2008,0.68
Niger,NER,2009,0.79
Niger,NER,2010,0.84
Niger,NER,2011,0.95
Niger,NER,2012,1.03
Niger,NER,2013,1.04
Niger,NER,2014,1.18
Niger,NER,2015,1.32
Niger,NER,2016,1.48
Niger,NER,2017,1.41
Niger,NER,2018,1.52
Niger,NER,2019,1.73
Niger,NER,2020,1.78
Niger,NER,2021,1.83
Niger,NER,2022,1.95
Niger,NER,2023,2.21
Niger,NER,2024,2.15
Nigeria,NGA,2000,14.72
Nigeria,NGA,2001,15.44
Nigeria,NGA,2002,21.52
Nigeria,NGA,2003,20.16
Nigeria,NGA,2004,24.27
Nigeria,NGA,2005,23.55
Nigeria,NGA,2006,23.12
Nigeria,NGA,2007,22.99
Nigeria,NGA,2008,21.12
Nigeria,NGA,2009,19.79
Nigeria,NGA,2010,26.13
Nigeria,NGA,2011,27.04
Nigeria,NGA,2012,28.74
Nigeria,NGA,2013,28.93
Nigeria,NGA,2014,32.28
Nigeria,NGA,2015,33.17
Nigeria,NGA,2016,34.6
Nigeria,NGA,2017,29.78
Nigeria,NGA,2018,33.71
Nigeria,NGA,2019,34.13
Nigeria,NGA,2020,34.99
Nigeria,NGA,2021,36.14
Nigeria,NGA,2022,35.57
Nigeria,NGA,2023,38.6
Nigeria,NGA,2024,35.26
Nigeria,NGA,2025,39.24
Niue,NIU,2000,0
Niue,NIU,2001,0
Niue,NIU,2002,0
Niue,NIU,2003,0
Niue,NIU,2004,0
Niue,NIU,2005,0
Niue,NIU,2006,0
Niue,NIU,2007,0
Niue,NIU,2008,0
Niue,NIU,2009,0
Niue,NIU,2010,0
Niue,NIU,2011,0
Niue,NIU,2012,0
Niue,NIU,2013,0
Niue,NIU,2014,0
Niue,NIU,2015,0
Niue,NIU,2016,0
Niue,NIU,2017,0
Niue,NIU,2018,0
Niue,NIU,2019,0
Niue,NIU,2020,0
Niue,NIU,2021,0
Niue,NIU,2022,0
Niue,NIU,2023,0
North America,OWID_NAM,2000,4708.0703
North America,OWID_NAM,2001,4627.92
North America,OWID_NAM,2002,4766.29
North America,OWID_NAM,2003,4792.49
North America,OWID_NAM,2004,4895.2
North America,OWID_NAM,2005,5017.21
North America,OWID_NAM,2006,5029.8604
North America,OWID_NAM,2007,5161.94
North America,OWID_NAM,2008,5132.0903
North America,OWID_NAM,2009,4941.99
North America,OWID_NAM,2010,5120.9497
North America,OWID_NAM,2011,5145.7
North America,OWID_NAM,2012,5106.1797
North America,OWID_NAM,2013,5147.93
North America,OWID_NAM,2014,5193.71
North America,OWID_NAM,2015,5200.81
North America,OWID_NAM,2016,5219.85
North America,OWID_NAM,2017,5183.45
North America,OWID_NAM,2018,5349.98
North America,OWID_NAM,2019,5297.9497
North America,OWID_NAM,2020,5159.36
North America,OWID_NAM,2021,5275.08
North America,OWID_NAM,2022,5427.91
North America,OWID_NAM,2023,5393.69
North America,OWID_NAM,2024,5536.7603
North America (Ember),,2000,4406.21
North America (Ember),,2001,4315.61
North America (Ember),,2002,4444.33
North America (Ember),,2003,4457.52
North America (Ember),,2004,4550.78
North America (Ember),,2005,4655.83
North America (Ember),,2006,4655.72
North America (Ember),,2007,4777.12
North America (Ember),,2008,4743.01
North America (Ember),,2009,4554.1
North America (Ember),,2010,4721.38
North America (Ember),,2011,4727.59
North America (Ember),,2012,4677.66
North America (Ember),,2013,4711.76
North America (Ember),,2014,4749.46
North America (Ember),,2015,4745.58
North America (Ember),,2016,4755.17
North America (Ember),,2017,4722.16
North America (Ember),,2018,4863.27
North America (Ember),,2019,4814.57
North America (Ember),,2020,4699.59
North America (Ember),,2021,4806.53
North America (Ember),,2022,4951.51
North America (Ember),,2023,4895.91
North America (Ember),,2024,5028.41
North America (Ember),,2025,5172.82
North Korea,PRK,2000,19.3
North Korea,PRK,2001,20.09
North Korea,PRK,2002,19.66
North Korea,PRK,2003,20.88
North Korea,PRK,2004,21.86
North Korea,PRK,2005,22.77
North Korea,PRK,2006,22.31
North Korea,PRK,2007,21.39
North Korea,PRK,2008,23.06
North Korea,PRK,2009,23.38
North Korea,PRK,2010,23.57
North Korea,PRK,2011,20.87
North Korea,PRK,2012,21.36
North Korea,PRK,2013,21.97
North Korea,PRK,2014,21.48
North Korea,PRK,2015,18.93
North Korea,PRK,2016,23.81
North Korea,PRK,2017,23.43
North Korea,PRK,2018,24.83
North Korea,PRK,2019,23.88
North Korea,PRK,2020,24.1
North Korea,PRK,2021,25.63
North Korea,PRK,2022,26.55
North Korea,PRK,2023,26.72
North Korea,PRK,2024,27.1
North Macedonia,MKD,1990,5.83
North Macedonia,MKD,1991,5.84
North Macedonia,MKD,1992,6.34
North Macedonia,MKD,1993,5.79
North Macedonia,MKD,1994,6.01
North Macedonia,MKD,1995,6.25
North Macedonia,MKD,1996,6.61
North Macedonia,MKD,1997,6.8
North Macedonia,MKD,1998,7.05
North Macedonia,MKD,1999,6.76
North Macedonia,MKD,2000,6.92
North Macedonia,MKD,2001,6.8
North Macedonia,MKD,2002,6.88
North Macedonia,MKD,2003,7.68
North Macedonia,MKD,2004,7.84
North Macedonia,MKD,2005,8.54
North Macedonia,MKD,2006,8.8
North Macedonia,MKD,2007,8.99
North Macedonia,MKD,2008,9.04
North Macedonia,MKD,2009,8.26
North Macedonia,MKD,2010,8.68
North Macedonia,MKD,2011,9.44
North Macedonia,MKD,2012,8.93
North Macedonia,MKD,2013,8.52
North Macedonia,MKD,2014,8.34
North Macedonia,MKD,2015,8.16
North Macedonia,MKD,2016,7.66
North Macedonia,MKD,2017,7.58
North Macedonia,MKD,2018,7.53
North Macedonia,MKD,2019,7.7
North Macedonia,MKD,2020,7.67
North Macedonia,MKD,2021,8.01
North Macedonia,MKD,2022,7.35
North Macedonia,MKD,2023,7.04
North Macedonia,MKD,2024,7.02
North Macedonia,MKD,2025,8.35
Norway,NOR,1990,105.69
Norway,NOR,1991,107.79
Norway,NOR,1992,108.38
Norway,NOR,1993,111.94
Norway,NOR,1994,112.19
Norway,NOR,1995,115.59
Norway,NOR,1996,113.67
Norway,NOR,1997,114.32
Norway,NOR,1998,120.05
Norway,NOR,1999,120.37
Norway,NOR,2000,123.47
Norway,NOR,2001,124.89
Norway,NOR,2002,120.53
Norway,NOR,2003,114.54
Norway,NOR,2004,121.55
Norway,NOR,2005,125.21
Norway,NOR,2006,122.07
Norway,NOR,2007,126.08
Norway,NOR,2008,127.33
Norway,NOR,2009,121.99
Norway,NOR,2010,130.69
Norway,NOR,2011,122.85
Norway,NOR,2012,128.36
Norway,NOR,2013,128.13
Norway,NOR,2014,125.3
Norway,NOR,2015,128.35
Norway,NOR,2016,131.62
Norway,NOR,2017,133.11
Norway,NOR,2018,135.79
Norway,NOR,2019,133.87
Norway,NOR,2020,133.85
Norway,NOR,2021,139.55
Norway,NOR,2022,132.9
Norway,NOR,2023,135.89
Norway,NOR,2024,138.67
Norway,NOR,2025,137.71
OECD (Ember),,2000,9620.07
OECD (Ember),,2001,9609.45
OECD (Ember),,2002,9826.39
OECD (Ember),,2003,9937.52
OECD (Ember),,2004,10177.75
OECD (Ember),,2005,10403.32
OECD (Ember),,2006,10498.76
OECD (Ember),,2007,10734.33
OECD (Ember),,2008,10750.31
OECD (Ember),,2009,10335.49
OECD (Ember),,2010,10747.56
OECD (Ember),,2011,10720.11
OECD (Ember),,2012,10727.68
OECD (Ember),,2013,10723.7
OECD (Ember),,2014,10668.48
OECD (Ember),,2015,10725.97
OECD (Ember),,2016,10839.15
OECD (Ember),,2017,10901.95
OECD (Ember),,2018,11077.99
OECD (Ember),,2019,10952.67
OECD (Ember),,2020,10658.75
OECD (Ember),,2021,10969.5
OECD (Ember),,2022,11056.62
OECD (Ember),,2023,10896.06
OECD (Ember),,2024,11158.41
OECD (Ember),,2025,11365.01
Oceania,OWID_OCE,2000,263.12
Oceania,OWID_OCE,2001,271.6
Oceania,OWID_OCE,2002,271.85
Oceania,OWID_OCE,2003,274.93
Oceania,OWID_OCE,2004,280.52
Oceania,OWID_OCE,2005,282.57
Oceania,OWID_OCE,2006,290.18
Oceania,OWID_OCE,2007,295.74
Oceania,OWID_OCE,2008,297.89
Oceania,OWID_OCE,2009,302.01
Oceania,OWID_OCE,2010,304.99
Oceania,OWID_OCE,2011,310.01
Oceania,OWID_OCE,2012,304.32
Oceania,OWID_OCE,2013,302.63
Oceania,OWID_OCE,2014,301.72998
Oceania,OWID_OCE,2015,308.89
Oceania,OWID_OCE,2016,313.30002
Oceania,OWID_OCE,2017,314.34
Oceania,OWID_OCE,2018,318.41
Oceania,OWID_OCE,2019,321.55
Oceania,OWID_OCE,2020,320.02
Oceania,OWID_OCE,2021,322.61002
Oceania,OWID_OCE,2022,328.16
Oceania,OWID_OCE,2023,328.18
Oceania,OWID_OCE,2024,337.88
Oceania (Ember),,2000,263.12
Oceania (Ember),,2001,271.6
Oceania (Ember),,2002,271.85
Oceania (Ember),,2003,274.93
Oceania (Ember),,2004,280.52
Oceania (Ember),,2005,282.57
Oceania (Ember),,2006,290.18
Oceania (Ember),,2007,295.74
Oceania (Ember),,2008,297.89
Oceania (Ember),,2009,302.01
Oceania (Ember),,2010,304.99
Oceania (Ember),,2011,310.01
Oceania (Ember),,2012,304.32
Oceania (Ember),,2013,302.63
Oceania (Ember),,2014,301.73
Oceania (Ember),,2015,308.89
Oceania (Ember),,2016,313.3
Oceania (Ember),,2017,314.34
Oceania (Ember),,2018,318.41
Oceania (Ember),,2019,321.55
Oceania (Ember),,2020,320.02
Oceania (Ember),,2021,322.61
Oceania (Ember),,2022,328.16
Oceania (Ember),,2023,328.18
Oceania (Ember),,2024,337.96
Oceania (Ember),,2025,342.16
Oman,OMN,2000,9.11
Oman,OMN,2001,9.74
Oman,OMN,2002,10.33
Oman,OMN,2003,10.71
Oman,OMN,2004,11.5
Oman,OMN,2005,12.65
Oman,OMN,2006,13.29
Oman,OMN,2007,14.17
Oman,OMN,2008,16.05
Oman,OMN,2009,18.45
Oman,OMN,2010,19.81
Oman,OMN,2011,21.87
Oman,OMN,2012,25.02
Oman,OMN,2013,26.24
Oman,OMN,2014,29.13
Oman,OMN,2015,32.75
Oman,OMN,2016,34.23
Oman,OMN,2017,36.15
Oman,OMN,2018,37.76
Oman,OMN,2019,38.89
Oman,OMN,2020,38.2
Oman,OMN,2021,41
Oman,OMN,2022,42.4
Oman,OMN,2023,45
Oman,OMN,2024,49.1
Oman,OMN,2025,52.84
Pakistan,PAK,2000,66.49
Pakistan,PAK,2001,72.11
Pakistan,PAK,2002,75.77
Pakistan,PAK,2003,82.15
Pakistan,PAK,2004,86.07
Pakistan,PAK,2005,94.71
Pakistan,PAK,2006,99.7
Pakistan,PAK,2007,96.35
Pakistan,PAK,2008,93.24
Pakistan,PAK,2009,96.36
Pakistan,PAK,2010,94.81
Pakistan,PAK,2011,95.1
Pakistan,PAK,2012,98.48
Pakistan,PAK,2013,105.3
Pakistan,PAK,2014,108.35
Pakistan,PAK,2015,113.25
Pakistan,PAK,2016,123.4
Pakistan,PAK,2017,130.92
Pakistan,PAK,2018,129.51
Pakistan,PAK,2019,135.48
Pakistan,PAK,2020,146.66
Pakistan,PAK,2021,163.71
Pakistan,PAK,2022,176.43
Pakistan,PAK,2023,172.45
Pakistan,PAK,2024,175.44
Pakistan,PAK,2025,195.51
Palestine,PSE,2000,2.29
Palestine,PSE,2001,2.12
Palestine,PSE,2002,2.46
Palestine,PSE,2003,2.66
Palestine,PSE,2004,3
Palestine,PSE,2005,3.36
Palestine,PSE,2006,3.45
Palestine,PSE,2007,3.61
Palestine,PSE,2008,4.29
Palestine,PSE,2009,4.48
Palestine,PSE,2010,4.63
Palestine,PSE,2011,5.19
Palestine,PSE,2012,5.37
Palestine,PSE,2013,5.26
Palestine,PSE,2014,5.28
Palestine,PSE,2015,5.93
Palestine,PSE,2016,6
Palestine,PSE,2017,6.13
Palestine,PSE,2018,6.34
Palestine,PSE,2019,7.06
Palestine,PSE,2020,7.36
Palestine,PSE,2021,7.59
Palestine,PSE,2022,7.72
Palestine,PSE,2023,7.92
Palestine,PSE,2024,7.99
Panama,PAN,2000,5.01
Panama,PAN,2001,5.04
Panama,PAN,2002,5.28
Panama,PAN,2003,5.39
Panama,PAN,2004,5.63
Panama,PAN,2005,5.77
Panama,PAN,2006,5.93
Panama,PAN,2007,6.34
Panama,PAN,2008,6.5
Panama,PAN,2009,6.88
Panama,PAN,2010,7.41
Panama,PAN,2011,7.88
Panama,PAN,2012,8.57
Panama,PAN,2013,8.95
Panama,PAN,2014,9.39
Panama,PAN,2015,10.18
Panama,PAN,2016,10.51
Panama,PAN,2017,10.73
Panama,PAN,2018,10.89
Panama,PAN,2019,11.29
Panama,PAN,2020,10.49
Panama,PAN,2021,11.67
Panama,PAN,2022,11.93
Panama,PAN,2023,12.97
Panama,PAN,2024,13.29
Papua New Guinea,PNG,2000,2.17
Papua New Guinea,PNG,2001,2.68
Papua New Guinea,PNG,2002,2.87
Papua New Guinea,PNG,2003,3.22
Papua New Guinea,PNG,2004,3.51
Papua New Guinea,PNG,2005,3.62
Papua New Guinea,PNG,2006,3.4
Papua New Guinea,PNG,2007,3.35
Papua New Guinea,PNG,2008,3.41
Papua New Guinea,PNG,2009,3.37
Papua New Guinea,PNG,2010,3.51
Papua New Guinea,PNG,2011,3.63
Papua New Guinea,PNG,2012,3.73
Papua New Guinea,PNG,2013,4.01
Papua New Guinea,PNG,2014,4.28
Papua New Guinea,PNG,2015,4.53
Papua New Guinea,PNG,2016,4.77
Papua New Guinea,PNG,2017,4.35
Papua New Guinea,PNG,2018,4.36
Papua New Guinea,PNG,2019,4.28
Papua New Guinea,PNG,2020,4.1
Papua New Guinea,PNG,2021,4.53
Papua New Guinea,PNG,2022,4.59
Papua New Guinea,PNG,2023,4.73
Papua New Guinea,PNG,2024,4.73
Paraguay,PRY,2000,6.13
Paraguay,PRY,2001,6.18
Paraguay,PRY,2002,6.43
Paraguay,PRY,2003,6.59
Paraguay,PRY,2004,6.92
Paraguay,PRY,2005,7.38
Paraguay,PRY,2006,8.06
Paraguay,PRY,2007,8.6
Paraguay,PRY,2008,9.17
Paraguay,PRY,2009,9.9
Paraguay,PRY,2010,10.68
Paraguay,PRY,2011,11.5
Paraguay,PRY,2012,12.57
Paraguay,PRY,2013,13.15
Paraguay,PRY,2014,14.03
Paraguay,PRY,2015,14.76
Paraguay,PRY,2016,15.52
Paraguay,PRY,2017,16.19
Paraguay,PRY,2018,17.13
Paraguay,PRY,2019,17.84
Paraguay,PRY,2020,18.63
Paraguay,PRY,2021,19.12
Paraguay,PRY,2022,20.16
Paraguay,PRY,2023,22.65
Paraguay,PRY,2024,26.41
Paraguay,PRY,2025,29.65
Peru,PER,2000,19.92
Peru,PER,2001,20.77
Peru,PER,2002,21.99
Peru,PER,2003,22.93
Peru,PER,2004,24.25
Peru,PER,2005,25.5
Peru,PER,2006,27.36
Peru,PER,2007,29.93
Peru,PER,2008,32.43
Peru,PER,2009,32.86
Peru,PER,2010,35.78
Peru,PER,2011,39.24
Peru,PER,2012,39.96
Peru,PER,2013,43.51
Peru,PER,2014,45.72
Peru,PER,2015,48.22
Peru,PER,2016,51.61
Peru,PER,2017,52.73
Peru,PER,2018,54.64
Peru,PER,2019,56.93
Peru,PER,2020,53.03
Peru,PER,2021,57.03
Peru,PER,2022,59.94
Peru,PER,2023,60.9
Peru,PER,2024,59.32
Peru,PER,2025,60.47
Philippines,PHL,2000,45.3
Philippines,PHL,2001,47.05
Philippines,PHL,2002,48.46
Philippines,PHL,2003,52.94
Philippines,PHL,2004,55.94
Philippines,PHL,2005,56.57
Philippines,PHL,2006,56.78
Philippines,PHL,2007,59.62
Philippines,PHL,2008,60.82
Philippines,PHL,2009,61.92
Philippines,PHL,2010,67.73
Philippines,PHL,2011,69.15
Philippines,PHL,2012,72.89
Philippines,PHL,2013,75.23
Philippines,PHL,2014,77.23
Philippines,PHL,2015,82.4
Philippines,PHL,2016,90.79
Philippines,PHL,2017,94.36
Philippines,PHL,2018,99.74
Philippines,PHL,2019,106.03
Philippines,PHL,2020,101.75
Philippines,PHL,2021,105.76
Philippines,PHL,2022,111.55
Philippines,PHL,2023,116.73
Philippines,PHL,2024,124.17
Philippines,PHL,2025,123.12
Poland,POL,1990,133.39
Poland,POL,1991,130.1
Poland,POL,1992,126.65
Poland,POL,1993,129.37
Poland,POL,1994,130.61
Poland,POL,1995,134.25
Poland,POL,1996,138.07
Poland,POL,1997,138.76
Poland,POL,1998,137.3
Poland,POL,1999,135.06
Poland,POL,2000,136.81
Poland,POL,2001,136.99
Poland,POL,2002,135.42
Poland,POL,2003,139.85
Poland,POL,2004,143.25
Poland,POL,2005,144.1
Poland,POL,2006,149.71
Poland,POL,2007,153.17
Poland,POL,2008,153.83
Poland,POL,2009,148.67
Poland,POL,2010,155.42
Poland,POL,2011,157.63
Poland,POL,2012,158.64
Poland,POL,2013,159.26
Poland,POL,2014,160.52
Poland,POL,2015,163.97
Poland,POL,2016,168
Poland,POL,2017,172.2
Poland,POL,2018,175.12
Poland,POL,2019,173.84
Poland,POL,2020,170.42
Poland,POL,2021,179.68
Poland,POL,2022,176.92
Poland,POL,2023,169.26
Poland,POL,2024,174.09
Poland,POL,2025,174.31
Portugal,PRT,1990,28.37
Portugal,PRT,1991,29.81
Portugal,PRT,1992,30.82
Portugal,PRT,1993,31.01
Portugal,PRT,1994,32.01
Portugal,PRT,1995,33.82
Portugal,PRT,1996,35.31
Portugal,PRT,1997,36.79
Portugal,PRT,1998,39.02
Portugal,PRT,1999,41.88
Portugal,PRT,2000,44.14
Portugal,PRT,2001,46.3
Portugal,PRT,2002,47.45
Portugal,PRT,2003,49.18
Portugal,PRT,2004,51.16
Portugal,PRT,2005,52.83
Portugal,PRT,2006,53.84
Portugal,PRT,2007,54.2
Portugal,PRT,2008,54.77
Portugal,PRT,2009,54.16
Portugal,PRT,2010,56.1
Portugal,PRT,2011,54.59
Portugal,PRT,2012,53.33
Portugal,PRT,2013,53.13
Portugal,PRT,2014,52.7
Portugal,PRT,2015,53.41
Portugal,PRT,2016,53.96
Portugal,PRT,2017,54.91
Portugal,PRT,2018,55.69
Portugal,PRT,2019,55
Portugal,PRT,2020,52.85
Portugal,PRT,2021,53.97
Portugal,PRT,2022,55.58
Portugal,PRT,2023,56.37
Portugal,PRT,2024,57.74
Portugal,PRT,2025,60.44
Puerto Rico,PRI,2000,21.85
Puerto Rico,PRI,2001,22.31
Puerto Rico,PRI,2002,23.16
Puerto Rico,PRI,2003,23.92
Puerto Rico,PRI,2004,24.15
Puerto Rico,PRI,2005,24.96
Puerto Rico,PRI,2006,24.97
Puerto Rico,PRI,2007,24.68
Puerto Rico,PRI,2008,23.25
Puerto Rico,PRI,2009,23.04
Puerto Rico,PRI,2010,23.25
Puerto Rico,PRI,2011,22.26
Puerto Rico,PRI,2012,22.3
Puerto Rico,PRI,2013,21.48
Puerto Rico,PRI,2014,21.06
Puerto Rico,PRI,2015,20.9
Puerto Rico,PRI,2016,20.64
Puerto Rico,PRI,2017,16.38
Puerto Rico,PRI,2018,17.69
Puerto Rico,PRI,2019,19.15
Puerto Rico,PRI,2020,19.07
Puerto Rico,PRI,2021,19.36
Puerto Rico,PRI,2022,19.9
Puerto Rico,PRI,2023,19.9
Puerto Rico,PRI,2024,20
Puerto Rico,PRI,2025,20.27
Qatar,QAT,2000,9.13
Qatar,QAT,2001,9.95
Qatar,QAT,2002,10.94
Qatar,QAT,2003,12.01
Qatar,QAT,2004,13.23
Qatar,QAT,2005,14.4
Qatar,QAT,2006,17.08
Qatar,QAT,2007,19.46
Qatar,QAT,2008,21.62
Qatar,QAT,2009,24.16
Qatar,QAT,2010,28.14
Qatar,QAT,2011,30.73
Qatar,QAT,2012,34.8
Qatar,QAT,2013,34.75
Qatar,QAT,2014,38.8
Qatar,QAT,2015,41.63
Qatar,QAT,2016,42.44
Qatar,QAT,2017,45.7
Qatar,QAT,2018,48.06
Qatar,QAT,2019,50
Qatar,QAT,2020,49.4
Qatar,QAT,2021,51.79
Qatar,QAT,2022,54.75
Qatar,QAT,2023,56.38
Qatar,QAT,2024,56.68
Qatar,QAT,2025,56.18
Reunion,REU,2000,1.76
Reunion,REU,2001,1.85
Reunion,REU,2002,1.93
Reunion,REU,2003,2.08
Reunion,REU,2004,2.19
Reunion,REU,2005,2.27
Reunion,REU,2006,2.36
Reunion,REU,2007,2.46
Reunion,REU,2008,2.54
Reunion,REU,2009,2.62
Reunion,REU,2010,2.7
Reunion,REU,2011,2.75
Reunion,REU,2012,2.82
Reunion,REU,2013,2.82
Reunion,REU,2014,2.86
Reunion,REU,2015,2.9
Reunion,REU,2016,2.94
Reunion,REU,2017,2.98
Reunion,REU,2018,2.95
Reunion,REU,2019,3.05
Reunion,REU,2020,3.79
Reunion,REU,2021,3.09
Reunion,REU,2022,3.06
Reunion,REU,2023,3.07
Romania,ROU,1990,73.78
Romania,ROU,1991,63.85
Romania,ROU,1992,58.21
Romania,ROU,1993,57.23
Romania,ROU,1994,55.76
Romania,ROU,1995,59.35
Romania,ROU,1996,61.84
Romania,ROU,1997,56.94
Romania,ROU,1998,53.38
Romania,ROU,1999,49.64
Romania,ROU,2000,50.86
Romania,ROU,2001,52.24
Romania,ROU,2002,51.57
Romania,ROU,2003,52.76
Romania,ROU,2004,55.29
Romania,ROU,2005,56.43
Romania,ROU,2006,58.29
Romania,ROU,2007,59.47
Romania,ROU,2008,60.61
Romania,ROU,2009,55.29
Romania,ROU,2010,58.15
Romania,ROU,2011,59.89
Romania,ROU,2012,58.79
Romania,ROU,2013,56.17
Romania,ROU,2014,57.79
Romania,ROU,2015,58.93
Romania,ROU,2016,59.2
Romania,ROU,2017,60.65
Romania,ROU,2018,61.53
Romania,ROU,2019,60.28
Romania,ROU,2020,58
Romania,ROU,2021,60.76
Romania,ROU,2022,55.96
Romania,ROU,2023,53.93
Romania,ROU,2024,55.68
Romania,ROU,2025,54.39
Russia,RUS,2000,863.7
Russia,RUS,2001,875.41
Russia,RUS,2002,878.34
Russia,RUS,2003,902.91
Russia,RUS,2004,924.29
Russia,RUS,2005,941.73
Russia,RUS,2006,976.31
Russia,RUS,2007,1005.9
Russia,RUS,2008,1022.37
Russia,RUS,2009,978.24
Russia,RUS,2010,1020.57
Russia,RUS,2011,1032.31
Russia,RUS,2012,1052.79
Russia,RUS,2013,1045.4
Russia,RUS,2014,1056.15
Russia,RUS,2015,1055.89
Russia,RUS,2016,1076.47
Russia,RUS,2017,1080.57
Russia,RUS,2018,1096.59
Russia,RUS,2019,1099.73
Russia,RUS,2020,1074.68
Russia,RUS,2021,1135.73
Russia,RUS,2022,1150.54
Russia,RUS,2023,1161.72
Russia,RUS,2024,1192.91
Russia,RUS,2025,1176.11
Rwanda,RWA,2000,0.25
Rwanda,RWA,2001,0.27
Rwanda,RWA,2002,0.3
Rwanda,RWA,2003,0.3
Rwanda,RWA,2004,0.25
Rwanda,RWA,2005,0.28
Rwanda,RWA,2006,0.33
Rwanda,RWA,2007,0.33
Rwanda,RWA,2008,0.37
Rwanda,RWA,2009,0.37
Rwanda,RWA,2010,0.36
Rwanda,RWA,2011,0.42
Rwanda,RWA,2012,0.48
Rwanda,RWA,2013,0.46
Rwanda,RWA,2014,0.5
Rwanda,RWA,2015,0.59
Rwanda,RWA,2016,0.71
Rwanda,RWA,2017,0.72
Rwanda,RWA,2018,0.91
Rwanda,RWA,2019,0.88
Rwanda,RWA,2020,0.91
Rwanda,RWA,2021,1.02
Rwanda,RWA,2022,1.06
Rwanda,RWA,2023,1.2
Rwanda,RWA,2024,1.22
Saint Helena,SHN,2000,0.01
Saint Helena,SHN,2001,0.01
Saint Helena,SHN,2002,0.01
Saint Helena,SHN,2003,0.01
Saint Helena,SHN,2004,0.01
Saint Helena,SHN,2005,0.01
Saint Helena,SHN,2006,0.01
Saint Helena,SHN,2007,0.01
Saint Helena,SHN,2008,0.01
Saint Helena,SHN,2009,0.01
Saint Helena,SHN,2010,0.01
Saint Helena,SHN,2011,0.01
Saint Helena,SHN,2012,0.01
Saint Helena,SHN,2013,0.01
Saint Helena,SHN,2014,0.01
Saint Helena,SHN,2015,0.01
Saint Helena,SHN,2016,0.01
Saint Helena,SHN,2017,0.01
Saint Helena,SHN,2018,0.01
Saint Helena,SHN,2019,0.01
Saint Helena,SHN,2020,0.01
Saint Helena,SHN,2021,0.01
Saint Helena,SHN,2022,0.01
Saint Helena,SHN,2023,0.01
Saint Kitts and Nevis,KNA,2000,0.15
Saint Kitts and Nevis,KNA,2001,0.16
Saint Kitts and Nevis,KNA,2002,0.18
Saint Kitts and Nevis,KNA,2003,0.18
Saint Kitts and Nevis,KNA,2004,0.18
Saint Kitts and Nevis,KNA,2005,0.19
Saint Kitts and Nevis,KNA,2006,0.19
Saint Kitts and Nevis,KNA,2007,0.21
Saint Kitts and Nevis,KNA,2008,0.2
Saint Kitts and Nevis,KNA,2009,0.22
Saint Kitts and Nevis,KNA,2010,0.21
Saint Kitts and Nevis,KNA,2011,0.22
Saint Kitts and Nevis,KNA,2012,0.22
Saint Kitts and Nevis,KNA,2013,0.22
Saint Kitts and Nevis,KNA,2014,0.22
Saint Kitts and Nevis,KNA,2015,0.22
Saint Kitts and Nevis,KNA,2016,0.23
Saint Kitts and Nevis,KNA,2017,0.22
Saint Kitts and Nevis,KNA,2018,0.23
Saint Kitts and Nevis,KNA,2019,0.23
Saint Kitts and Nevis,KNA,2020,0.22
Saint Kitts and Nevis,KNA,2021,0.22
Saint Kitts and Nevis,KNA,2022,0.22
Saint Kitts and Nevis,KNA,2023,0.22
Saint Kitts and Nevis,KNA,2024,0.23
Saint Lucia,LCA,2000,0.28
Saint Lucia,LCA,2001,0.29
Saint Lucia,LCA,2002,0.29
Saint Lucia,LCA,2003,0.3
Saint Lucia,LCA,2004,0.31
Saint Lucia,LCA,2005,0.32
Saint Lucia,LCA,2006,0.33
Saint Lucia,LCA,2007,0.35
Saint Lucia,LCA,2008,0.35
Saint Lucia,LCA,2009,0.36
Saint Lucia,LCA,2010,0.38
Saint Lucia,LCA,2011,0.39
Saint Lucia,LCA,2012,0.38
Saint Lucia,LCA,2013,0.38
Saint Lucia,LCA,2014,0.38
Saint Lucia,LCA,2015,0.38
Saint Lucia,LCA,2016,0.39
Saint Lucia,LCA,2017,0.4
Saint Lucia,LCA,2018,0.41
Saint Lucia,LCA,2019,0.42
Saint Lucia,LCA,2020,0.38
Saint Lucia,LCA,2021,0.4
Saint Lucia,LCA,2022,0.4
Saint Lucia,LCA,2023,0.4
Saint Lucia,LCA,2024,0.4
Saint Pierre and Miquelon,SPM,2000,0.04
Saint Pierre and Miquelon,SPM,2001,0.04
Saint Pierre and Miquelon,SPM,2002,0.04
Saint Pierre and Miquelon,SPM,2003,0.04
Saint Pierre and Miquelon,SPM,2004,0.04
Saint Pierre and Miquelon,SPM,2005,0.04
Saint Pierre and Miquelon,SPM,2006,0.04
Saint Pierre and Miquelon,SPM,2007,0.04
Saint Pierre and Miquelon,SPM,2008,0.04
Saint Pierre and Miquelon,SPM,2009,0.04
Saint Pierre and Miquelon,SPM,2010,0.04
Saint Pierre and Miquelon,SPM,2011,0.04
Saint Pierre and Miquelon,SPM,2012,0.04
Saint Pierre and Miquelon,SPM,2013,0.05
Saint Pierre and Miquelon,SPM,2014,0.05
Saint Pierre and Miquelon,SPM,2015,0.05
Saint Pierre and Miquelon,SPM,2016,0.05
Saint Pierre and Miquelon,SPM,2017,0.05
Saint Pierre and Miquelon,SPM,2018,0.05
Saint Pierre and Miquelon,SPM,2019,0.05
Saint Pierre and Miquelon,SPM,2020,0.05
Saint Pierre and Miquelon,SPM,2021,0.05
Saint Pierre and Miquelon,SPM,2022,0.05
Saint Pierre and Miquelon,SPM,2023,0.05
Saint Vincent and the Grenadines,VCT,2000,0.1
Saint Vincent and the Grenadines,VCT,2001,0.1
Saint Vincent and the Grenadines,VCT,2002,0.1
Saint Vincent and the Grenadines,VCT,2003,0.11
Saint Vincent and the Grenadines,VCT,2004,0.12
Saint Vincent and the Grenadines,VCT,2005,0.14
Saint Vincent and the Grenadines,VCT,2006,0.13
Saint Vincent and the Grenadines,VCT,2007,0.14
Saint Vincent and the Grenadines,VCT,2008,0.14
Saint Vincent and the Grenadines,VCT,2009,0.14
Saint Vincent and the Grenadines,VCT,2010,0.15
Saint Vincent and the Grenadines,VCT,2011,0.14
Saint Vincent and the Grenadines,VCT,2012,0.15
Saint Vincent and the Grenadines,VCT,2013,0.14
Saint Vincent and the Grenadines,VCT,2014,0.14
Saint Vincent and the Grenadines,VCT,2015,0.15
Saint Vincent and the Grenadines,VCT,2016,0.16
Saint Vincent and the Grenadines,VCT,2017,0.15
Saint Vincent and the Grenadines,VCT,2018,0.15
Saint Vincent and the Grenadines,VCT,2019,0.15
Saint Vincent and the Grenadines,VCT,2020,0.15
Saint Vincent and the Grenadines,VCT,2021,0.14
Saint Vincent and the Grenadines,VCT,2022,0.15
Saint Vincent and the Grenadines,VCT,2023,0.15
Saint Vincent and the Grenadines,VCT,2024,0.15
Samoa,WSM,2000,0.08
Samoa,WSM,2001,0.1
Samoa,WSM,2002,0.11
Samoa,WSM,2003,0.1
Samoa,WSM,2004,0.11
Samoa,WSM,2005,0.11
Samoa,WSM,2006,0.12
Samoa,WSM,2007,0.12
Samoa,WSM,2008,0.11
Samoa,WSM,2009,0.13
Samoa,WSM,2010,0.12
Samoa,WSM,2011,0.13
Samoa,WSM,2012,0.11
Samoa,WSM,2013,0.12
Samoa,WSM,2014,0.13
Samoa,WSM,2015,0.13
Samoa,WSM,2016,0.15
Samoa,WSM,2017,0.16
Samoa,WSM,2018,0.15
Samoa,WSM,2019,0.17
Samoa,WSM,2020,0.18
Samoa,WSM,2021,0.17
Samoa,WSM,2022,0.16
Samoa,WSM,2023,0.15
Samoa,WSM,2024,0.16
Sao Tome and Principe,STP,2000,0.03
Sao Tome and Principe,STP,2001,0.02
Sao Tome and Principe,STP,2002,0.04
Sao Tome and Principe,STP,2003,0.04
Sao Tome and Principe,STP,2004,0.04
Sao Tome and Principe,STP,2005,0.04
Sao Tome and Principe,STP,2006,0.05
Sao Tome and Principe,STP,2007,0.05
Sao Tome and Principe,STP,2008,0.05
Sao Tome and Principe,STP,2009,0.06
Sao Tome and Principe,STP,2010,0.05
Sao Tome and Principe,STP,2011,0.07
Sao Tome and Principe,STP,2012,0.08
Sao Tome and Principe,STP,2013,0.07
Sao Tome and Principe,STP,2014,0.08
Sao Tome and Principe,STP,2015,0.1
Sao Tome and Principe,STP,2016,0.11
Sao Tome and Principe,STP,2017,0.1
Sao Tome and Principe,STP,2018,0.1
Sao Tome and Principe,STP,2019,0.11
Sao Tome and Principe,STP,2020,0.11
Sao Tome and Principe,STP,2021,0.11
Sao Tome and Principe,STP,2022,0.09
Sao Tome and Principe,STP,2023,0.09
Saudi Arabia,SAU,2000,138.69
Saudi Arabia,SAU,2001,146.09
Saudi Arabia,SAU,2002,154.91
Saudi Arabia,SAU,2003,166.58
Saudi Arabia,SAU,2004,173.41
Saudi Arabia,SAU,2005,191.05
Saudi Arabia,SAU,2006,196.31
Saudi Arabia,SAU,2007,204.43
Saudi Arabia,SAU,2008,204.2
Saudi Arabia,SAU,2009,217.31
Saudi Arabia,SAU,2010,248.77
Saudi Arabia,SAU,2011,259.08
Saudi Arabia,SAU,2012,281.58
Saudi Arabia,SAU,2013,294.67
Saudi Arabia,SAU,2014,328.15
Saudi Arabia,SAU,2015,350.59
Saudi Arabia,SAU,2016,356.94
Saudi Arabia,SAU,2017,394.96
Saudi Arabia,SAU,2018,374.74
Saudi Arabia,SAU,2019,378.85
Saudi Arabia,SAU,2020,380.53
Saudi Arabia,SAU,2021,392.91
Saudi Arabia,SAU,2022,409.8
Saudi Arabia,SAU,2023,429.21
Saudi Arabia,SAU,2024,454.59
Senegal,SEN,2000,1.49
Senegal,SEN,2001,1.79
Senegal,SEN,2002,2.08
Senegal,SEN,2003,2.33
Senegal,SEN,2004,2.39
Senegal,SEN,2005,2.65
Senegal,SEN,2006,2.64
Senegal,SEN,2007,2.8
Senegal,SEN,2008,2.96
Senegal,SEN,2009,3.29
Senegal,SEN,2010,3.48
Senegal,SEN,2011,3.55
Senegal,SEN,2012,3.91
Senegal,SEN,2013,4.12
Senegal,SEN,2014,4.5
Senegal,SEN,2015,4.77
Senegal,SEN,2016,5.14
Senegal,SEN,2017,5.05
Senegal,SEN,2018,5.26
Senegal,SEN,2019,6.14
Senegal,SEN,2020,6.42
Senegal,SEN,2021,6.97
Senegal,SEN,2022,7.65
Senegal,SEN,2023,8.74
Senegal,SEN,2024,8.13
Serbia,SRB,1990,36.95
Serbia,SRB,1991,35.4
Serbia,SRB,1992,33.91
Serbia,SRB,1993,28.96
Serbia,SRB,1994,29.57
Serbia,SRB,1995,31.78
Serbia,SRB,1996,34.07
Serbia,SRB,1997,36.01
Serbia,SRB,1998,35.68
Serbia,SRB,1999,32.7
Serbia,SRB,2000,34.96
Serbia,SRB,2001,36.61
Serbia,SRB,2002,37.72
Serbia,SRB,2003,37.05
Serbia,SRB,2004,36.92
Serbia,SRB,2005,33.92
Serbia,SRB,2006,35.06
Serbia,SRB,2007,35.88
Serbia,SRB,2008,36.89
Serbia,SRB,2009,36.28
Serbia,SRB,2010,37.12
Serbia,SRB,2011,37.74
Serbia,SRB,2012,36.58
Serbia,SRB,2013,36.69
Serbia,SRB,2014,35
Serbia,SRB,2015,36.67
Serbia,SRB,2016,36.69
Serbia,SRB,2017,37.27
Serbia,SRB,2018,36.79
Serbia,SRB,2019,36.94
Serbia,SRB,2020,36.57
Serbia,SRB,2021,38.11
Serbia,SRB,2022,37.59
Serbia,SRB,2023,37.14
Serbia,SRB,2024,37.48
Serbia,SRB,2025,37.4
Seychelles,SYC,2000,0.2
Seychelles,SYC,2001,0.2
Seychelles,SYC,2002,0.23
Seychelles,SYC,2003,0.23
Seychelles,SYC,2004,0.23
Seychelles,SYC,2005,0.3
Seychelles,SYC,2006,0.32
Seychelles,SYC,2007,0.34
Seychelles,SYC,2008,0.34
Seychelles,SYC,2009,0.35
Seychelles,SYC,2010,0.38
Seychelles,SYC,2011,0.4
Seychelles,SYC,2012,0.41
Seychelles,SYC,2013,0.44
Seychelles,SYC,2014,0.45
Seychelles,SYC,2015,0.46
Seychelles,SYC,2016,0.5
Seychelles,SYC,2017,0.51
Seychelles,SYC,2018,0.52
Seychelles,SYC,2019,0.57
Seychelles,SYC,2020,0.59
Seychelles,SYC,2021,0.6
Seychelles,SYC,2022,0.62
Seychelles,SYC,2023,0.62
Seychelles,SYC,2024,0.63
Sierra Leone,SLE,2000,0.09
Sierra Leone,SLE,2001,0.13
Sierra Leone,SLE,2002,0.16
Sierra Leone,SLE,2003,0.15
Sierra Leone,SLE,2004,0.12
Sierra Leone,SLE,2005,0.08
Sierra Leone,SLE,2006,0.05
Sierra Leone,SLE,2007,0.06
Sierra Leone,SLE,2008,0.06
Sierra Leone,SLE,2009,0.06
Sierra Leone,SLE,2010,0.14
Sierra Leone,SLE,2011,0.17
Sierra Leone,SLE,2012,0.18
Sierra Leone,SLE,2013,0.16
Sierra Leone,SLE,2014,0.15
Sierra Leone,SLE,2015,0.16
Sierra Leone,SLE,2016,0.21
Sierra Leone,SLE,2017,0.23
Sierra Leone,SLE,2018,0.27
Sierra Leone,SLE,2019,0.2
Sierra Leone,SLE,2020,0.2
Sierra Leone,SLE,2021,0.2
Sierra Leone,SLE,2022,0.2
Sierra Leone,SLE,2023,0.21
Sierra Leone,SLE,2024,0.21
Singapore,SGP,2000,31.67
Singapore,SGP,2001,33.06
Singapore,SGP,2002,34.66
Singapore,SGP,2003,35.32
Singapore,SGP,2004,36.82
Singapore,SGP,2005,38.22
Singapore,SGP,2006,39.49
Singapore,SGP,2007,41.13
Singapore,SGP,2008,41.67
Singapore,SGP,2009,41.8
Singapore,SGP,2010,45.36
Singapore,SGP,2011,46
Singapore,SGP,2012,46.94
Singapore,SGP,2013,47.97
Singapore,SGP,2014,49.3
Singapore,SGP,2015,50.28
Singapore,SGP,2016,51.59
Singapore,SGP,2017,52.28
Singapore,SGP,2018,52.97
Singapore,SGP,2019,54.14
Singapore,SGP,2020,53.07
Singapore,SGP,2021,55.79
Singapore,SGP,2022,57.1
Singapore,SGP,2023,57.4
Singapore,SGP,2024,59.63
Singapore,SGP,2025,60.44
Slovakia,SVK,1990,30.69
Slovakia,SVK,1991,28.6
Slovakia,SVK,1992,26.71
Slovakia,SVK,1993,25.47
Slovakia,SVK,1994,25.9
Slovakia,SVK,1995,27.81
Slovakia,SVK,1996,28.98
Slovakia,SVK,1997,29.09
Slovakia,SVK,1998,27.02
Slovakia,SVK,1999,28.67
Slovakia,SVK,2000,28.08
Slovakia,SVK,2001,28.14
Slovakia,SVK,2002,28.02
Slovakia,SVK,2003,28.72
Slovakia,SVK,2004,28.6
Slovakia,SVK,2005,28.07
Slovakia,SVK,2006,28.92
Slovakia,SVK,2007,29.58
Slovakia,SVK,2008,29.22
Slovakia,SVK,2009,27.24
Slovakia,SVK,2010,28.5
Slovakia,SVK,2011,29.01
Slovakia,SVK,2012,28.69
Slovakia,SVK,2013,28.59
Slovakia,SVK,2014,28.23
Slovakia,SVK,2015,29.01
Slovakia,SVK,2016,29.45
Slovakia,SVK,2017,30.45
Slovakia,SVK,2018,30.34
Slovakia,SVK,2019,29.91
Slovakia,SVK,2020,28.83
Slovakia,SVK,2021,30.47
Slovakia,SVK,2022,27.95
Slovakia,SVK,2023,26.11
Slovakia,SVK,2024,26.57
Slovakia,SVK,2025,26.75
Slovenia,SVN,1990,11.45
Slovenia,SVN,1991,10.72
Slovenia,SVN,1992,10.53
Slovenia,SVN,1993,10.53
Slovenia,SVN,1994,10.96
Slovenia,SVN,1995,11.25
Slovenia,SVN,1996,11.39
Slovenia,SVN,1997,11.48
Slovenia,SVN,1998,11.8
Slovenia,SVN,1999,11.92
Slovenia,SVN,2000,12.29
Slovenia,SVN,2001,12.71
Slovenia,SVN,2002,13.47
Slovenia,SVN,2003,13.99
Slovenia,SVN,2004,14.51
Slovenia,SVN,2005,14.79
Slovenia,SVN,2006,15.15
Slovenia,SVN,2007,15.27
Slovenia,SVN,2008,14.81
Slovenia,SVN,2009,13.33
Slovenia,SVN,2010,14.14
Slovenia,SVN,2011,14.55
Slovenia,SVN,2012,14.51
Slovenia,SVN,2013,14.51
Slovenia,SVN,2014,14.41
Slovenia,SVN,2015,14.75
Slovenia,SVN,2016,15.05
Slovenia,SVN,2017,15.53
Slovenia,SVN,2018,15.62
Slovenia,SVN,2019,15.57
Slovenia,SVN,2020,14.89
Slovenia,SVN,2021,15.32
Slovenia,SVN,2022,14.81
Slovenia,SVN,2023,14.04
Slovenia,SVN,2024,14.3
Slovenia,SVN,2025,14.31
Solomon Islands,SLB,2000,0.06
Solomon Islands,SLB,2001,0.06
Solomon Islands,SLB,2002,0.06
Solomon Islands,SLB,2003,0.06
Solomon Islands,SLB,2004,0.06
Solomon Islands,SLB,2005,0.07
Solomon Islands,SLB,2006,0.07
Solomon Islands,SLB,2007,0.08
Solomon Islands,SLB,2008,0.08
Solomon Islands,SLB,2009,0.08
Solomon Islands,SLB,2010,0.08
Solomon Islands,SLB,2011,0.08
Solomon Islands,SLB,2012,0.08
Solomon Islands,SLB,2013,0.08
Solomon Islands,SLB,2014,0.09
Solomon Islands,SLB,2015,0.09
Solomon Islands,SLB,2016,0.1
Solomon Islands,SLB,2017,0.1
Solomon Islands,SLB,2018,0.1
Solomon Islands,SLB,2019,0.1
Solomon Islands,SLB,2020,0.1
Solomon Islands,SLB,2021,0.1
Solomon Islands,SLB,2022,0.11
Solomon Islands,SLB,2023,0.11
Solomon Islands,SLB,2024,0.11
Somalia,SOM,2000,0.25
Somalia,SOM,2001,0.26
Somalia,SOM,2002,0.27
Somalia,SOM,2003,0.28
Somalia,SOM,2004,0.28
Somalia,SOM,2005,0.29
Somalia,SOM,2006,0.3
Somalia,SOM,2007,0.31
Somalia,SOM,2008,0.32
Somalia,SOM,2009,0.33
Somalia,SOM,2010,0.33
Somalia,SOM,2011,0.33
Somalia,SOM,2012,0.34
Somalia,SOM,2013,0.35
Somalia,SOM,2014,0.35
Somalia,SOM,2015,0.35
Somalia,SOM,2016,0.36
Somalia,SOM,2017,0.37
Somalia,SOM,2018,0.37
Somalia,SOM,2019,0.37
Somalia,SOM,2020,0.37
Somalia,SOM,2021,0.38
Somalia,SOM,2022,0.42
Somalia,SOM,2023,0.42
Somalia,SOM,2024,0.43
South Africa,ZAF,2000,222.99
South Africa,ZAF,2001,212.29
South Africa,ZAF,2002,222.83
South Africa,ZAF,2003,232.17
South Africa,ZAF,2004,241.17
South Africa,ZAF,2005,242.59
South Africa,ZAF,2006,250.85
South Africa,ZAF,2007,260.34
South Africa,ZAF,2008,254.69
South Africa,ZAF,2009,247.8
South Africa,ZAF,2010,257.12
South Africa,ZAF,2011,259.41
South Africa,ZAF,2012,252.84
South Africa,ZAF,2013,251.45
South Africa,ZAF,2014,252.11
South Africa,ZAF,2015,248.5
South Africa,ZAF,2016,246.82
South Africa,ZAF,2017,248.51
South Africa,ZAF,2018,251.6
South Africa,ZAF,2019,247.9
South Africa,ZAF,2020,236.92
South Africa,ZAF,2021,241.89
South Africa,ZAF,2022,237.66
South Africa,ZAF,2023,232.4
South Africa,ZAF,2024,246.22
South Africa,ZAF,2025,236.84
South America,OWID_SAM,2000,703.31
South America,OWID_SAM,2001,687.54
South America,OWID_SAM,2002,709.25
South America,OWID_SAM,2003,741.95996
South America,OWID_SAM,2004,789.44
South America,OWID_SAM,2005,822.72
South America,OWID_SAM,2006,862.64
South America,OWID_SAM,2007,906.81
South America,OWID_SAM,2008,945.45
South America,OWID_SAM,2009,952.51996
South America,OWID_SAM,2010,1006.51
South America,OWID_SAM,2011,1044.5
South America,OWID_SAM,2012,1093.87
South America,OWID_SAM,2013,1142.0299
South America,OWID_SAM,2014,1135.42
South America,OWID_SAM,2015,1163.56
South America,OWID_SAM,2016,1167.78
South America,OWID_SAM,2017,1164.8099
South America,OWID_SAM,2018,1179.78
South America,OWID_SAM,2019,1188.84
South America,OWID_SAM,2020,1174.29
South America,OWID_SAM,2021,1227.05
South America,OWID_SAM,2022,1248.2001
South America,OWID_SAM,2023,1285.6699
South America,OWID_SAM,2024,1327.14
South Korea,KOR,2000,290.45
South Korea,KOR,2001,309.88
South Korea,KOR,2002,332.01
South Korea,KOR,2003,347.77
South Korea,KOR,2004,368.02
South Korea,KOR,2005,389.47
South Korea,KOR,2006,402.99
South Korea,KOR,2007,425.41
South Korea,KOR,2008,442.61
South Korea,KOR,2009,452.45
South Korea,KOR,2010,495.03
South Korea,KOR,2011,518.16
South Korea,KOR,2012,531.21
South Korea,KOR,2013,537.16
South Korea,KOR,2014,540.38
South Korea,KOR,2015,547.8
South Korea,KOR,2016,560.98
South Korea,KOR,2017,576.41
South Korea,KOR,2018,592.91
South Korea,KOR,2019,586.8
South Korea,KOR,2020,577.11
South Korea,KOR,2021,607.76
South Korea,KOR,2022,622.59
South Korea,KOR,2023,617.49
South Korea,KOR,2024,625.38
South Korea,KOR,2025,624.66
South Sudan,SSD,2012,0.44
South Sudan,SSD,2013,0.47
South Sudan,SSD,2014,0.48
South Sudan,SSD,2015,0.58
South Sudan,SSD,2016,0.52
South Sudan,SSD,2017,0.54
South Sudan,SSD,2018,0.54
South Sudan,SSD,2019,0.55
South Sudan,SSD,2020,0.56
South Sudan,SSD,2021,0.57
South Sudan,SSD,2022,0.51
South Sudan,SSD,2023,0.56
South Sudan,SSD,2024,0.56
Spain,ESP,1990,150.74
Spain,ESP,1991,154.03
Spain,ESP,1992,157.29
Spain,ESP,1993,156.39
Spain,ESP,1994,162.05
Spain,ESP,1995,169.56
Spain,ESP,1996,174.27
Spain,ESP,1997,186.06
Spain,ESP,1998,196.79
Spain,ESP,1999,211.35
Spain,ESP,2000,225.36
Spain,ESP,2001,236.52
Spain,ESP,2002,245.24
Spain,ESP,2003,258.56
Spain,ESP,2004,273.58
Spain,ESP,2005,288.12
Spain,ESP,2006,292.31
Spain,ESP,2007,296.11
Spain,ESP,2008,298.75
Spain,ESP,2009,282.62
Spain,ESP,2010,289.47
Spain,ESP,2011,285.45
Spain,ESP,2012,282.75
Spain,ESP,2013,274.71
Spain,ESP,2014,271.03
Spain,ESP,2015,277.04
Spain,ESP,2016,278.37
Spain,ESP,2017,281.55
Spain,ESP,2018,282.5
Spain,ESP,2019,277.38
Spain,ESP,2020,262.75
Spain,ESP,2021,271.6
Spain,ESP,2022,267.35
Spain,ESP,2023,265.15
Spain,ESP,2024,270.71
Spain,ESP,2025,275.1
Sri Lanka,LKA,2000,6.78
Sri Lanka,LKA,2001,6.67
Sri Lanka,LKA,2002,6.94
Sri Lanka,LKA,2003,7.63
Sri Lanka,LKA,2004,8.09
Sri Lanka,LKA,2005,8.82
Sri Lanka,LKA,2006,9.44
Sri Lanka,LKA,2007,9.88
Sri Lanka,LKA,2008,9.92
Sri Lanka,LKA,2009,9.89
Sri Lanka,LKA,2010,10.72
Sri Lanka,LKA,2011,11.55
Sri Lanka,LKA,2012,11.8
Sri Lanka,LKA,2013,11.98
Sri Lanka,LKA,2014,12.45
Sri Lanka,LKA,2015,13.21
Sri Lanka,LKA,2016,14.31
Sri Lanka,LKA,2017,14.89
Sri Lanka,LKA,2018,16.07
Sri Lanka,LKA,2019,16.67
Sri Lanka,LKA,2020,16.5
Sri Lanka,LKA,2021,17.51
Sri Lanka,LKA,2022,16.75
Sri Lanka,LKA,2023,16.39
Sri Lanka,LKA,2024,17.07
Sri Lanka,LKA,2025,17.25
Sudan,SDN,2000,2.54
Sudan,SDN,2001,2.68
Sudan,SDN,2002,3
Sudan,SDN,2003,3.47
Sudan,SDN,2004,3.6
Sudan,SDN,2005,3.96
Sudan,SDN,2006,4.65
Sudan,SDN,2007,5.16
Sudan,SDN,2008,5.64
Sudan,SDN,2009,6.61
Sudan,SDN,2010,7.58
Sudan,SDN,2011,8.51
Sudan,SDN,2012,9.57
Sudan,SDN,2013,10.67
Sudan,SDN,2014,11.85
Sudan,SDN,2015,13.22
Sudan,SDN,2016,15.01
Sudan,SDN,2017,16.59
Sudan,SDN,2018,17.2
Sudan,SDN,2019,16.43
Sudan,SDN,2020,17.93
Sudan,SDN,2021,18.63
Sudan,SDN,2022,17.66
Sudan,SDN,2023,15.16
Sudan,SDN,2024,15.57
Suriname,SUR,2000,0.96
Suriname,SUR,2001,1.04
Suriname,SUR,2002,1.23
Suriname,SUR,2003,1.3
Suriname,SUR,2004,1.43
Suriname,SUR,2005,1.69
Suriname,SUR,2006,1.57
Suriname,SUR,2007,1.5
Suriname,SUR,2008,1.51
Suriname,SUR,2009,1.53
Suriname,SUR,2010,1.96
Suriname,SUR,2011,1.53
Suriname,SUR,2012,1.67
Suriname,SUR,2013,1.76
Suriname,SUR,2014,1.82
Suriname,SUR,2015,1.86
Suriname,SUR,2016,1.82
Suriname,SUR,2017,1.81
Suriname,SUR,2018,1.9
Suriname,SUR,2019,2.04
Suriname,SUR,2020,2.05
Suriname,SUR,2021,2.09
Suriname,SUR,2022,2.11
Suriname,SUR,2023,1.73
Suriname,SUR,2024,1.74
Sweden,SWE,1990,144.21
Sweden,SWE,1991,145.68
Sweden,SWE,1992,143.77
Sweden,SWE,1993,144.67
Sweden,SWE,1994,142.96
Sweden,SWE,1995,146.6
Sweden,SWE,1996,146.75
Sweden,SWE,1997,146.5
Sweden,SWE,1998,148.09
Sweden,SWE,1999,147.36
Sweden,SWE,2000,149.91
Sweden,SWE,2001,154.31
Sweden,SWE,2002,152.06
Sweden,SWE,2003,148.22
Sweden,SWE,2004,149.46
Sweden,SWE,2005,150.97
Sweden,SWE,2006,149.32
Sweden,SWE,2007,150.14
Sweden,SWE,2008,147.94
Sweden,SWE,2009,141.29
Sweden,SWE,2010,150.53
Sweden,SWE,2011,143.05
Sweden,SWE,2012,146.87
Sweden,SWE,2013,143.03
Sweden,SWE,2014,137.94
Sweden,SWE,2015,139.4
Sweden,SWE,2016,144.16
Sweden,SWE,2017,145.24
Sweden,SWE,2018,146.14
Sweden,SWE,2019,142.26
Sweden,SWE,2020,138.78
Sweden,SWE,2021,146.21
Sweden,SWE,2022,139.83
Sweden,SWE,2023,137.56
Sweden,SWE,2024,138.71
Sweden,SWE,2025,137.11
Switzerland,CHE,2000,59.05
Switzerland,CHE,2001,60.61
Switzerland,CHE,2002,60.9
Switzerland,CHE,2003,62.23
Switzerland,CHE,2004,63.17
Switzerland,CHE,2005,64.15
Switzerland,CHE,2006,64.83
Switzerland,CHE,2007,64.37
Switzerland,CHE,2008,65.91
Switzerland,CHE,2009,64.51
Switzerland,CHE,2010,66.57
Switzerland,CHE,2011,65.47
Switzerland,CHE,2012,65.93
Switzerland,CHE,2013,66.29
Switzerland,CHE,2014,64.59
Switzerland,CHE,2015,65.04
Switzerland,CHE,2016,65.02
Switzerland,CHE,2017,65.7
Switzerland,CHE,2018,64.7
Switzerland,CHE,2019,64.31
Switzerland,CHE,2020,62.94
Switzerland,CHE,2021,65.5
Switzerland,CHE,2022,64.86
Switzerland,CHE,2023,63.68
Switzerland,CHE,2024,63.97
Switzerland,CHE,2025,65.12
Syria,SYR,2000,25.25
Syria,SYR,2001,26.74
Syria,SYR,2002,28.07
Syria,SYR,2003,30.15
Syria,SYR,2004,31.62
Syria,SYR,2005,35.41
Syria,SYR,2006,36.7
Syria,SYR,2007,39.08
Syria,SYR,2008,41.02
Syria,SYR,2009,43.27
Syria,SYR,2010,46.09
Syria,SYR,2011,41.55
Syria,SYR,2012,32.27
Syria,SYR,2013,24.64
Syria,SYR,2014,21.11
Syria,SYR,2015,17.75
Syria,SYR,2016,18.1
Syria,SYR,2017,17.9
Syria,SYR,2018,21.78
Syria,SYR,2019,21.97
Syria,SYR,2020,20.71
Syria,SYR,2021,21.36
Syria,SYR,2022,19.72
Syria,SYR,2023,24.38
Syria,SYR,2024,24.28
Taiwan,TWN,2000,184.84
Taiwan,TWN,2001,188.53
Taiwan,TWN,2002,198.84
Taiwan,TWN,2003,209.06
Taiwan,TWN,2004,218.41
Taiwan,TWN,2005,227.5
Taiwan,TWN,2006,235.54
Taiwan,TWN,2007,243.11
Taiwan,TWN,2008,238.31
Taiwan,TWN,2009,230.05
Taiwan,TWN,2010,247.05
Taiwan,TWN,2011,252.15
Taiwan,TWN,2012,250.37
Taiwan,TWN,2013,252.33
Taiwan,TWN,2014,259.97
Taiwan,TWN,2015,258.14
Taiwan,TWN,2016,264.12
Taiwan,TWN,2017,270.26
Taiwan,TWN,2018,275.53
Taiwan,TWN,2019,274.18
Taiwan,TWN,2020,279.99
Taiwan,TWN,2021,291.03
Taiwan,TWN,2022,288.19
Taiwan,TWN,2023,282.28
Taiwan,TWN,2024,288.56
Taiwan,TWN,2025,288.39
Tajikistan,TJK,2000,15.57
Tajikistan,TJK,2001,15.74
Tajikistan,TJK,2002,16.09
Tajikistan,TJK,2003,16.52
Tajikistan,TJK,2004,16.85
Tajikistan,TJK,2005,17.34
Tajikistan,TJK,2006,17.54
Tajikistan,TJK,2007,17.59
Tajikistan,TJK,2008,17.03
Tajikistan,TJK,2009,16.18
Tajikistan,TJK,2010,16.59
Tajikistan,TJK,2011,16.21
Tajikistan,TJK,2012,16.31
Tajikistan,TJK,2013,16.17
Tajikistan,TJK,2014,14.87
Tajikistan,TJK,2015,15.82
Tajikistan,TJK,2016,15.91
Tajikistan,TJK,2017,16.8
Tajikistan,TJK,2018,17.35
Tajikistan,TJK,2019,18.07
Tajikistan,TJK,2020,18.61
Tajikistan,TJK,2021,18.3
Tajikistan,TJK,2022,18.94
Tajikistan,TJK,2023,18.71
Tajikistan,TJK,2024,19.6
Tajikistan,TJK,2025,19.47
Tanzania,TZA,2000,2.55
Tanzania,TZA,2001,2.88
Tanzania,TZA,2002,2.94
Tanzania,TZA,2003,2.76
Tanzania,TZA,2004,2.66
Tanzania,TZA,2005,3.71
Tanzania,TZA,2006,3.57
Tanzania,TZA,2007,4.3
Tanzania,TZA,2008,4.5
Tanzania,TZA,2009,4.86
Tanzania,TZA,2010,5.39
Tanzania,TZA,2011,5.22
Tanzania,TZA,2012,5.73
Tanzania,TZA,2013,6.05
Tanzania,TZA,2014,6.32
Tanzania,TZA,2015,6.6
Tanzania,TZA,2016,6.92
Tanzania,TZA,2017,7.18
Tanzania,TZA,2018,7.43
Tanzania,TZA,2019,7.88
Tanzania,TZA,2020,7.94
Tanzania,TZA,2021,8.79
Tanzania,TZA,2022,9.77
Tanzania,TZA,2023,10.76
Tanzania,TZA,2024,9.03
Thailand,THA,2000,98.34
Thailand,THA,2001,103.7
Thailand,THA,2002,111.06
Thailand,THA,2003,118.21
Thailand,THA,2004,127.25
Thailand,THA,2005,134.3
Thailand,THA,2006,141.35
Thailand,THA,2007,146.27
Thailand,THA,2008,147.26
Thailand,THA,2009,147.05
Thailand,THA,2010,163.51
Thailand,THA,2011,162.74
Thailand,THA,2012,177.58
Thailand,THA,2013,179.93
Thailand,THA,2014,183.95
Thailand,THA,2015,189.98
Thailand,THA,2016,198.21
Thailand,THA,2017,200.05
Thailand,THA,2018,203.34
Thailand,THA,2019,209.17
Thailand,THA,2020,203.41
Thailand,THA,2021,207.75
Thailand,THA,2022,213.78
Thailand,THA,2023,221.03
Thailand,THA,2024,231.93
Thailand,THA,2025,225.1
Togo,TGO,2000,0.56
Togo,TGO,2001,0.55
Togo,TGO,2002,0.59
Togo,TGO,2003,0.64
Togo,TGO,2004,0.68
Togo,TGO,2005,0.7
Togo,TGO,2006,0.72
Togo,TGO,2007,0.7
Togo,TGO,2008,0.8
Togo,TGO,2009,0.88
Togo,TGO,2010,0.93
Togo,TGO,2011,1.06
Togo,TGO,2012,1.28
Togo,TGO,2013,0.98
Togo,TGO,2014,1.82
Togo,TGO,2015,1.01
Togo,TGO,2016,1.69
Togo,TGO,2017,1.55
Togo,TGO,2018,1.48
Togo,TGO,2019,1.45
Togo,TGO,2020,1.42
Togo,TGO,2021,1.51
Togo,TGO,2022,2.03
Togo,TGO,2023,2.25
Togo,TGO,2024,2.21
Tonga,TON,2000,0.04
Tonga,TON,2001,0.04
Tonga,TON,2002,0.04
Tonga,TON,2003,0.04
Tonga,TON,2004,0.05
Tonga,TON,2005,0.05
Tonga,TON,2006,0.05
Tonga,TON,2007,0.05
Tonga,TON,2008,0.05
Tonga,TON,2009,0.05
Tonga,TON,2010,0.05
Tonga,TON,2011,0.05
Tonga,TON,2012,0.05
Tonga,TON,2013,0.05
Tonga,TON,2014,0.05
Tonga,TON,2015,0.05
Tonga,TON,2016,0.06
Tonga,TON,2017,0.07
Tonga,TON,2018,0.07
Tonga,TON,2019,0.07
Tonga,TON,2020,0.07
Tonga,TON,2021,0.07
Tonga,TON,2022,0.08
Tonga,TON,2023,0.07
Tonga,TON,2024,0.07
Trinidad and Tobago,TTO,2000,5.46
Trinidad and Tobago,TTO,2001,5.64
Trinidad and Tobago,TTO,2002,5.64
Trinidad and Tobago,TTO,2003,6.44
Trinidad and Tobago,TTO,2004,6.43
Trinidad and Tobago,TTO,2005,7.05
Trinidad and Tobago,TTO,2006,7.17
Trinidad and Tobago,TTO,2007,7.68
Trinidad and Tobago,TTO,2008,7.73
Trinidad and Tobago,TTO,2009,7.84
Trinidad and Tobago,TTO,2010,8.48
Trinidad and Tobago,TTO,2011,8.76
Trinidad and Tobago,TTO,2012,9.12
Trinidad and Tobago,TTO,2013,9.5
Trinidad and Tobago,TTO,2014,9.41
Trinidad and Tobago,TTO,2015,9.57
Trinidad and Tobago,TTO,2016,9.42
Trinidad and Tobago,TTO,2017,9.32
Trinidad and Tobago,TTO,2018,9.23
Trinidad and Tobago,TTO,2019,9.2
Trinidad and Tobago,TTO,2020,9.23
Trinidad and Tobago,TTO,2021,9.27
Trinidad and Tobago,TTO,2022,9.5
Trinidad and Tobago,TTO,2023,9.52
Trinidad and Tobago,TTO,2024,9.55
Tunisia,TUN,2000,10.59
Tunisia,TUN,2001,11.39
Tunisia,TUN,2002,11.78
Tunisia,TUN,2003,11.26
Tunisia,TUN,2004,11.9
Tunisia,TUN,2005,12.66
Tunisia,TUN,2006,13.08
Tunisia,TUN,2007,13.73
Tunisia,TUN,2008,14.36
Tunisia,TUN,2009,15.3
Tunisia,TUN,2010,15.91
Tunisia,TUN,2011,16.27
Tunisia,TUN,2012,17.8
Tunisia,TUN,2013,18.08
Tunisia,TUN,2014,18.88
Tunisia,TUN,2015,19.38
Tunisia,TUN,2016,19.51
Tunisia,TUN,2017,20.55
Tunisia,TUN,2018,20.82
Tunisia,TUN,2019,21.86
Tunisia,TUN,2020,20.78
Tunisia,TUN,2021,22.93
Tunisia,TUN,2022,23.98
Tunisia,TUN,2023,23.78
Tunisia,TUN,2024,23.96
Tunisia,TUN,2025,24.9
Turkey,TUR,1990,56.81
Turkey,TUR,1991,60.49
Turkey,TUR,1992,67.22
Turkey,TUR,1993,73.43
Turkey,TUR,1994,77.79
Turkey,TUR,1995,85.54
Turkey,TUR,1996,94.78
Turkey,TUR,1997,105.52
Turkey,TUR,1998,114.02
Turkey,TUR,1999,118.48
Turkey,TUR,2000,127.73
Turkey,TUR,2001,126.39
Turkey,TUR,2002,131.61
Turkey,TUR,2003,140.11
Turkey,TUR,2004,149.07
Turkey,TUR,2005,160.47
Turkey,TUR,2006,174.59
Turkey,TUR,2007,189.96
Turkey,TUR,2008,198.04
Turkey,TUR,2009,194.08
Turkey,TUR,2010,210.41
Turkey,TUR,2011,230.3
Turkey,TUR,2012,242.36
Turkey,TUR,2013,246.35
Turkey,TUR,2014,257.21
Turkey,TUR,2015,265.71
Turkey,TUR,2016,279.28
Turkey,TUR,2017,296.71
Turkey,TUR,2018,299.52
Turkey,TUR,2019,299.6
Turkey,TUR,2020,301.41
Turkey,TUR,2021,326.03
Turkey,TUR,2022,323.29
Turkey,TUR,2023,323.81
Turkey,TUR,2024,340.24
Turkey,TUR,2025,351.93
Turkmenistan,TKM,2000,9.05
Turkmenistan,TKM,2001,9.63
Turkmenistan,TKM,2002,9.64
Turkmenistan,TKM,2003,9.73
Turkmenistan,TKM,2004,10.75
Turkmenistan,TKM,2005,11.56
Turkmenistan,TKM,2006,12.31
Turkmenistan,TKM,2007,13.42
Turkmenistan,TKM,2008,13.56
Turkmenistan,TKM,2009,14.41
Turkmenistan,TKM,2010,14.25
Turkmenistan,TKM,2011,14.67
Turkmenistan,TKM,2012,15.03
Turkmenistan,TKM,2013,16.02
Turkmenistan,TKM,2014,17.19
Turkmenistan,TKM,2015,19.33
Turkmenistan,TKM,2016,19.33
Turkmenistan,TKM,2017,20.69
Turkmenistan,TKM,2018,22.16
Turkmenistan,TKM,2019,19.3
Turkmenistan,TKM,2020,22.56
Turkmenistan,TKM,2021,25.2
Turkmenistan,TKM,2022,23.6
Turkmenistan,TKM,2023,23.6
Turkmenistan,TKM,2024,24.01
Turks and Caicos Islands,TCA,2000,0.08
Turks and Caicos Islands,TCA,2001,0.08
Turks and Caicos Islands,TCA,2002,0.1
Turks and Caicos Islands,TCA,2003,0.11
Turks and Caicos Islands,TCA,2004,0.12
Turks and Caicos Islands,TCA,2005,0.13
Turks and Caicos Islands,TCA,2006,0.16
Turks and Caicos Islands,TCA,2007,0.18
Turks and Caicos Islands,TCA,2008,0.19
Turks and Caicos Islands,TCA,2009,0.2
Turks and Caicos Islands,TCA,2010,0.21
Turks and Caicos Islands,TCA,2011,0.21
Turks and Caicos Islands,TCA,2012,0.21
Turks and Caicos Islands,TCA,2013,0.21
Turks and Caicos Islands,TCA,2014,0.23
Turks and Caicos Islands,TCA,2015,0.23
Turks and Caicos Islands,TCA,2016,0.25
Turks and Caicos Islands,TCA,2017,0.29
Turks and Caicos Islands,TCA,2018,0.26
Turks and Caicos Islands,TCA,2019,0.26
Turks and Caicos Islands,TCA,2020,0.25
Turks and Caicos Islands,TCA,2021,0.26
Turks and Caicos Islands,TCA,2022,0.26
Turks and Caicos Islands,TCA,2023,0.26
Turks and Caicos Islands,TCA,2024,0.27
Uganda,UGA,2000,1.43
Uganda,UGA,2001,1.43
Uganda,UGA,2002,1.46
Uganda,UGA,2003,1.59
Uganda,UGA,2004,1.75
Uganda,UGA,2005,1.9
Uganda,UGA,2006,1.6
Uganda,UGA,2007,1.99
Uganda,UGA,2008,2.31
Uganda,UGA,2009,2.37
Uganda,UGA,2010,2.7
Uganda,UGA,2011,2.61
Uganda,UGA,2012,2.84
Uganda,UGA,2013,3.01
Uganda,UGA,2014,3.1
Uganda,UGA,2015,3.48
Uganda,UGA,2016,3.65
Uganda,UGA,2017,3.49
Uganda,UGA,2018,4.1
Uganda,UGA,2019,4.3
Uganda,UGA,2020,4.4
Uganda,UGA,2021,4.9
Uganda,UGA,2022,5.34
Uganda,UGA,2023,5.33
Uganda,UGA,2024,5.37
Ukraine,UKR,1990,272.25
Ukraine,UKR,1991,265.19
Ukraine,UKR,1992,248.85
Ukraine,UKR,1993,229.82
Ukraine,UKR,1994,203.14
Ukraine,UKR,1995,192.51
Ukraine,UKR,1996,182.2
Ukraine,UKR,1997,178.99
Ukraine,UKR,1998,172.66
Ukraine,UKR,1999,169.14
Ukraine,UKR,2000,167.99
Ukraine,UKR,2001,170.24
Ukraine,UKR,2002,170.91
Ukraine,UKR,2003,175.64
Ukraine,UKR,2004,177.11
Ukraine,UKR,2005,178.04
Ukraine,UKR,2006,183.17
Ukraine,UKR,2007,187.08
Ukraine,UKR,2008,185.85
Ukraine,UKR,2009,169.34
Ukraine,UKR,2010,184.76
Ukraine,UKR,2011,188.66
Ukraine,UKR,2012,187.41
Ukraine,UKR,2013,184.48
Ukraine,UKR,2014,174.39
Ukraine,UKR,2015,162.33
Ukraine,UKR,2016,160.83
Ukraine,UKR,2017,150.86
Ukraine,UKR,2018,153.79
Ukraine,UKR,2019,150.1
Ukraine,UKR,2020,145.37
Ukraine,UKR,2021,154.4
Ukraine,UKR,2022,111.61
United Arab Emirates,ARE,2000,39.94
United Arab Emirates,ARE,2001,43.17
United Arab Emirates,ARE,2002,46.85
United Arab Emirates,ARE,2003,49.45
United Arab Emirates,ARE,2004,52.41
United Arab Emirates,ARE,2005,60.7
United Arab Emirates,ARE,2006,62.44
United Arab Emirates,ARE,2007,78.76
United Arab Emirates,ARE,2008,80.46
United Arab Emirates,ARE,2009,85.7
United Arab Emirates,ARE,2010,93.95
United Arab Emirates,ARE,2011,99.11
United Arab Emirates,ARE,2012,106.18
United Arab Emirates,ARE,2013,109.97
United Arab Emirates,ARE,2014,116.51
United Arab Emirates,ARE,2015,127.37
United Arab Emirates,ARE,2016,130.24
United Arab Emirates,ARE,2017,134.47
United Arab Emirates,ARE,2018,135.98
United Arab Emirates,ARE,2019,138.44
United Arab Emirates,ARE,2020,137.28
United Arab Emirates,ARE,2021,149.26
United Arab Emirates,ARE,2022,155.31
United Arab Emirates,ARE,2023,167.43
United Arab Emirates,ARE,2024,177.02
United Kingdom,GBR,1990,331.69
United Kingdom,GBR,1991,339.29
United Kingdom,GBR,1992,337.73
United Kingdom,GBR,1993,339.83
United Kingdom,GBR,1994,343.45
United Kingdom,GBR,1995,353.73
United Kingdom,GBR,1996,367.62
United Kingdom,GBR,1997,367.24
United Kingdom,GBR,1998,375.42
United Kingdom,GBR,1999,382.39
United Kingdom,GBR,2000,391.23
United Kingdom,GBR,2001,395.17
United Kingdom,GBR,2002,395.65
United Kingdom,GBR,2003,400.37
United Kingdom,GBR,2004,401.41
United Kingdom,GBR,2005,406.67
United Kingdom,GBR,2006,404.79
United Kingdom,GBR,2007,402.02
United Kingdom,GBR,2008,399.98
United Kingdom,GBR,2009,379.62
United Kingdom,GBR,2010,384.72
United Kingdom,GBR,2011,374.19
United Kingdom,GBR,2012,375.73
United Kingdom,GBR,2013,372.71
United Kingdom,GBR,2014,358.6
United Kingdom,GBR,2015,359.98
United Kingdom,GBR,2016,356.93
United Kingdom,GBR,2017,352.98
United Kingdom,GBR,2018,352.87
United Kingdom,GBR,2019,348.36
United Kingdom,GBR,2020,328.55
United Kingdom,GBR,2021,332.64
United Kingdom,GBR,2022,320.28
United Kingdom,GBR,2023,315.83
United Kingdom,GBR,2024,317.35
United Kingdom,GBR,2025,321.38
United States,USA,2000,3835.86
United States,USA,2001,3749.6
United States,USA,2002,3865.21
United States,USA,2003,3875.36
United States,USA,2004,3963.26
United States,USA,2005,4059.77
United States,USA,2006,4065.36
United States,USA,2007,4173.82
United States,USA,2008,4140.35
United States,USA,2009,3973.87
United States,USA,2010,4139.92
United States,USA,2011,4126.12
United States,USA,2012,4087.93
United States,USA,2013,4113.49
United States,USA,2014,4149.22
United States,USA,2015,4150.66
United States,USA,2016,4154.06
United States,USA,2017,4108.62
United States,USA,2018,4246.01
United States,USA,2019,4197.42
United States,USA,2020,4090.49
United States,USA,2021,4192.93
United States,USA,2022,4328.1
United States,USA,2023,4272.81
United States,USA,2024,4404.83
United States,USA,2025,4535.81
United States Virgin Islands,VIR,2000,1.03
United States Virgin Islands,VIR,2001,1.03
United States Virgin Islands,VIR,2002,1.04
United States Virgin Islands,VIR,2003,1.04
United States Virgin Islands,VIR,2004,1.05
United States Virgin Islands,VIR,2005,0.97
United States Virgin Islands,VIR,2006,0.97
United States Virgin Islands,VIR,2007,0.98
United States Virgin Islands,VIR,2008,0.97
United States Virgin Islands,VIR,2009,0.92
United States Virgin Islands,VIR,2010,0.96
United States Virgin Islands,VIR,2011,0.95
United States Virgin Islands,VIR,2012,0.87
United States Virgin Islands,VIR,2013,0.82
United States Virgin Islands,VIR,2014,0.78
United States Virgin Islands,VIR,2015,0.78
United States Virgin Islands,VIR,2016,0.77
United States Virgin Islands,VIR,2017,0.6
United States Virgin Islands,VIR,2018,0.62
United States Virgin Islands,VIR,2019,0.66
United States Virgin Islands,VIR,2020,0.64
United States Virgin Islands,VIR,2021,0.66
United States Virgin Islands,VIR,2022,0.68
United States Virgin Islands,VIR,2023,0.68
Upper-middle-income countries,OWID_UMC,2000,3429.5
Upper-middle-income countries,OWID_UMC,2001,3572.21
Upper-middle-income countries,OWID_UMC,2002,3833.71
Upper-middle-income countries,OWID_UMC,2003,4199.18
Upper-middle-income countries,OWID_UMC,2004,4619.55
Upper-middle-income countries,OWID_UMC,2005,5019.57
Upper-middle-income countries,OWID_UMC,2006,5517.47
Upper-middle-income countries,OWID_UMC,2007,6049.23
Upper-middle-income countries,OWID_UMC,2008,6349.81
Upper-middle-income countries,OWID_UMC,2009,6570.39
Upper-middle-income countries,OWID_UMC,2010,7276.78
Upper-middle-income countries,OWID_UMC,2011,7895.53
Upper-middle-income countries,OWID_UMC,2012,8301.6
Upper-middle-income countries,OWID_UMC,2013,8856.78
Upper-middle-income countries,OWID_UMC,2014,9319.97
Upper-middle-income countries,OWID_UMC,2015,9407.91
Upper-middle-income countries,OWID_UMC,2016,9830.77
Upper-middle-income countries,OWID_UMC,2017,10405.25
Upper-middle-income countries,OWID_UMC,2018,11096.93
Upper-middle-income countries,OWID_UMC,2019,11521.59
Upper-middle-income countries,OWID_UMC,2020,11763.939
Upper-middle-income countries,OWID_UMC,2021,12698.749
Upper-middle-income countries,OWID_UMC,2022,13067.66
Upper-middle-income countries,OWID_UMC,2023,13705.08
Upper-middle-income countries,OWID_UMC,2024,14515.96
Uruguay,URY,2000,7.98
Uruguay,URY,2001,8
Uruguay,URY,2002,7.87
Uruguay,URY,2003,7.88
Uruguay,URY,2004,8.23
Uruguay,URY,2005,8.42
Uruguay,URY,2006,8.44
Uruguay,URY,2007,9.19
Uruguay,URY,2008,9.7
Uruguay,URY,2009,9.9
Uruguay,URY,2010,10.42
Uruguay,URY,2011,10.8
Uruguay,URY,2012,11.15
Uruguay,URY,2013,11.45
Uruguay,URY,2014,11.71
Uruguay,URY,2015,12.42
Uruguay,URY,2016,13.12
Uruguay,URY,2017,12.89
Uruguay,URY,2018,13.43
Uruguay,URY,2019,13.06
Uruguay,URY,2020,12.94
Uruguay,URY,2021,13.2
Uruguay,URY,2022,13.5
Uruguay,URY,2023,13.97
Uruguay,URY,2024,14.52
Uruguay,URY,2025,14.75
Uzbekistan,UZB,2000,48.14
Uzbekistan,UZB,2001,48.45
Uzbekistan,UZB,2002,49.32
Uzbekistan,UZB,2003,48.73
Uzbekistan,UZB,2004,49.45
Uzbekistan,UZB,2005,47.39
Uzbekistan,UZB,2006,48.9
Uzbekistan,UZB,2007,50.01
Uzbekistan,UZB,2008,50.32
Uzbekistan,UZB,2009,50.05
Uzbekistan,UZB,2010,50.8
Uzbekistan,UZB,2011,52.07
Uzbekistan,UZB,2012,52.33
Uzbekistan,UZB,2013,53.73
Uzbekistan,UZB,2014,54.97
Uzbekistan,UZB,2015,56.12
Uzbekistan,UZB,2016,57.21
Uzbekistan,UZB,2017,60.2
Uzbekistan,UZB,2018,62.76
Uzbekistan,UZB,2019,64.87
Uzbekistan,UZB,2020,69.05
Uzbekistan,UZB,2021,75.03
Uzbekistan,UZB,2022,77.4
Uzbekistan,UZB,2023,79.73
Uzbekistan,UZB,2024,84.43
Uzbekistan,UZB,2025,89.63
Vanuatu,VUT,2000,0.05
Vanuatu,VUT,2001,0.05
Vanuatu,VUT,2002,0.05
Vanuatu,VUT,2003,0.05
Vanuatu,VUT,2004,0.05
Vanuatu,VUT,2005,0.05
Vanuatu,VUT,2006,0.05
Vanuatu,VUT,2007,0.05
Vanuatu,VUT,2008,0.06
Vanuatu,VUT,2009,0.06
Vanuatu,VUT,2010,0.06
Vanuatu,VUT,2011,0.06
Vanuatu,VUT,2012,0.06
Vanuatu,VUT,2013,0.07
Vanuatu,VUT,2014,0.07
Vanuatu,VUT,2015,0.06
Vanuatu,VUT,2016,0.07
Vanuatu,VUT,2017,0.06
Vanuatu,VUT,2018,0.08
Vanuatu,VUT,2019,0.09
Vanuatu,VUT,2020,0.09
Vanuatu,VUT,2021,0.08
Vanuatu,VUT,2022,0.08
Vanuatu,VUT,2023,0.08
Venezuela,VEN,2000,85.22
Venezuela,VEN,2001,90.08
Venezuela,VEN,2002,91.99
Venezuela,VEN,2003,91.54
Venezuela,VEN,2004,98.93
Venezuela,VEN,2005,104.81
Venezuela,VEN,2006,109.87
Venezuela,VEN,2007,113.67
Venezuela,VEN,2008,118.83
Venezuela,VEN,2009,119.2
Venezuela,VEN,2010,113.3
Venezuela,VEN,2011,117.47
Venezuela,VEN,2012,127.97
Venezuela,VEN,2013,135
Venezuela,VEN,2014,114.36
Venezuela,VEN,2015,126.55
Venezuela,VEN,2016,115.83
Venezuela,VEN,2017,102.74
Venezuela,VEN,2018,98.69
Venezuela,VEN,2019,84.28
Venezuela,VEN,2020,79.86
Venezuela,VEN,2021,82.93
Venezuela,VEN,2022,82.36
Venezuela,VEN,2023,71.96
Venezuela,VEN,2024,80.13
Vietnam,VNM,2000,26.56
Vietnam,VNM,2001,30.61
Vietnam,VNM,2002,35.8
Vietnam,VNM,2003,40.93
Vietnam,VNM,2004,46.2
Vietnam,VNM,2005,52.46
Vietnam,VNM,2006,58.87
Vietnam,VNM,2007,66.79
Vietnam,VNM,2008,74.17
Vietnam,VNM,2009,84.37
Vietnam,VNM,2010,96.36
Vietnam,VNM,2011,105.38
Vietnam,VNM,2012,116.61
Vietnam,VNM,2013,126.79
Vietnam,VNM,2014,142.69
Vietnam,VNM,2015,162.91
Vietnam,VNM,2016,180.5
Vietnam,VNM,2017,195.43
Vietnam,VNM,2018,218.8
Vietnam,VNM,2019,238.14
Vietnam,VNM,2020,245.51
Vietnam,VNM,2021,254.43
Vietnam,VNM,2022,267.43
Vietnam,VNM,2023,280.07
Vietnam,VNM,2024,307.18
Vietnam,VNM,2025,313.59
Western Sahara,ESH,2000,0.08
Western Sahara,ESH,2001,0.08
Western Sahara,ESH,2002,0.09
Western Sahara,ESH,2003,0.09
Western Sahara,ESH,2004,0.09
Western Sahara,ESH,2005,0.09
Western Sahara,ESH,2006,0.09
Western Sahara,ESH,2007,0.09
Western Sahara,ESH,2008,0.09
Western Sahara,ESH,2009,0.09
World,OWID_WRL,2000,15278.78
World,OWID_WRL,2001,15500.83
World,OWID_WRL,2002,16049.89
World,OWID_WRL,2003,16628.01
World,OWID_WRL,2004,17414.99
World,OWID_WRL,2005,18134.08
World,OWID_WRL,2006,18838.99
World,OWID_WRL,2007,19713.96
World,OWID_WRL,2008,20102.64
World,OWID_WRL,2009,19943.51
World,OWID_WRL,2010,21263.75
World,OWID_WRL,2011,21972.03
World,OWID_WRL,2012,22515.66
World,OWID_WRL,2013,23155.03
World,OWID_WRL,2014,23747.07
World,OWID_WRL,2015,24002.35
World,OWID_WRL,2016,24694.51
World,OWID_WRL,2017,25441.04
World,OWID_WRL,2018,26464.49
World,OWID_WRL,2019,26832.42
World,OWID_WRL,2020,26723.37
World,OWID_WRL,2021,28259.07
World,OWID_WRL,2022,28917.76
World,OWID_WRL,2023,29665.34
World,OWID_WRL,2024,30930.23
World,OWID_WRL,2025,31772.35
Yemen,YEM,2000,3.41
Yemen,YEM,2001,3.64
Yemen,YEM,2002,3.77
Yemen,YEM,2003,4.1
Yemen,YEM,2004,4.36
Yemen,YEM,2005,4.77
Yemen,YEM,2006,5.39
Yemen,YEM,2007,6.03
Yemen,YEM,2008,6.55
Yemen,YEM,2009,6.75
Yemen,YEM,2010,7.76
Yemen,YEM,2011,6.21
Yemen,YEM,2012,7.07
Yemen,YEM,2013,8.5
Yemen,YEM,2014,7.66
Yemen,YEM,2015,5.76
Yemen,YEM,2016,4.81
Yemen,YEM,2017,4.05
Yemen,YEM,2018,3.49
Yemen,YEM,2019,3.28
Yemen,YEM,2020,2.94
Yemen,YEM,2021,2.92
Yemen,YEM,2022,3.03
Yemen,YEM,2023,5.12
Yemen,YEM,2024,5.25
Zambia,ZMB,2000,6.36
Zambia,ZMB,2001,6.87
Zambia,ZMB,2002,7.37
Zambia,ZMB,2003,7.81
Zambia,ZMB,2004,8.28
Zambia,ZMB,2005,8.7
Zambia,ZMB,2006,9.17
Zambia,ZMB,2007,9.5
Zambia,ZMB,2008,9.7
Zambia,ZMB,2009,9.31
Zambia,ZMB,2010,9.89
Zambia,ZMB,2011,11.58
Zambia,ZMB,2012,11.55
Zambia,ZMB,2013,12.29
Zambia,ZMB,2014,13.28
Zambia,ZMB,2015,13.12
Zambia,ZMB,2016,13.16
Zambia,ZMB,2017,14.25
Zambia,ZMB,2018,15.21
Zambia,ZMB,2019,14.01
Zambia,ZMB,2020,14.02
Zambia,ZMB,2021,15.59
Zambia,ZMB,2022,16.43
Zambia,ZMB,2023,16.09
Zambia,ZMB,2024,16.6
Zimbabwe,ZWE,2000,12.08
Zimbabwe,ZWE,2001,11.97
Zimbabwe,ZWE,2002,12.59
Zimbabwe,ZWE,2003,11.97
Zimbabwe,ZWE,2004,11.76
Zimbabwe,ZWE,2005,12.34
Zimbabwe,ZWE,2006,11.88
Zimbabwe,ZWE,2007,10.53
Zimbabwe,ZWE,2008,8.75
Zimbabwe,ZWE,2009,8.57
Zimbabwe,ZWE,2010,9.37
Zimbabwe,ZWE,2011,9.77
Zimbabwe,ZWE,2012,9.7
Zimbabwe,ZWE,2013,10.07
Zimbabwe,ZWE,2014,9.76
Zimbabwe,ZWE,2015,9.49
Zimbabwe,ZWE,2016,9.02
Zimbabwe,ZWE,2017,9.77
Zimbabwe,ZWE,2018,10.45
Zimbabwe,ZWE,2019,9.59
Zimbabwe,ZWE,2020,8.69
Zimbabwe,ZWE,2021,10.31
Zimbabwe,ZWE,2022,10.85
Zimbabwe,ZWE,2023,11.99
Zimbabwe,ZWE,2024,12.1